elapsed_min,km,pace,hr,cad,power,alt,moved_m,grade_pct,ngp
0.0,0.07,6:39,139,87,207,49.8,70,5.4,5:23
0.5,0.15,6:25,140,87,220,53.4,76,5.2,5:15
1.0,0.21,6:59,145,87,236,60.7,69,9.7,4:41
1.5,0.28,7:31,146,84,183,66.6,69,10.4,4:52
2.0,0.37,6:22,141,88,173,66.6,90,0.8,6:12
2.5,0.46,5:46,136,88,192,65.5,81,-1.4,6:01
3.0,0.48,14:31,125,59,94,66.4,27,2.4,13:33
3.5,0.49,32:27,94,45,37,67.3,11,9.5,22:02
4.0,0.57,6:33,93,82,178,67.6,81,0.3,6:29
4.5,0.67,5:30,120,90,206,67.7,93,0.2,5:29
5.0,0.76,5:27,132,90,207,67.1,89,-0.6,5:34
5.5,0.84,5:46,134,90,199,67.3,82,0.1,5:45
6.0,0.93,5:42,131,89,195,66.5,91,-0.7,5:50
6.5,1.0,6:24,134,88,193,66.5,70,-0.6,6:32
7.0,1.08,7:15,141,88,207,71.6,79,6.4,5:33
7.5,1.16,6:13,148,87,237,77.6,81,7.4,4:37
8.0,1.19,8:47,146,76,174,82.9,29,25.4,5:29
8.5,1.2,41:09,120,75,24,83.5,7,17.5,17:03
9.0,1.21,27:53,91,57,64,84.0,10,1.2,26:53
9.5,1.25,12:16,101,81,183,90.8,50,13.4,6:40
10.0,1.31,7:23,135,83,190,96.2,60,8.8,5:06
10.5,1.35,15:47,140,58,156,102.6,31,19.6,7:01
11.0,1.4,10:17,140,79,216,111.3,54,17.1,4:57
11.5,1.45,9:37,133,82,235,122.2,53,21.0,3:56
12.0,1.52,8:41,132,82,211,131.6,67,17.6,4:05
12.5,1.57,10:28,148,75,192,139.0,48,16.0,5:26
13.0,1.62,9:42,159,77,208,147.3,52,16.2,4:54
13.5,1.66,11:01,156,60,208,157.0,41,21.7,4:25
14.0,1.71,11:31,155,59,199,166.5,49,23.0,4:27
14.5,1.77,8:13,158,82,207,174.7,58,14.2,4:31
15.0,1.85,6:16,160,87,194,177.7,86,5.1,5:08
15.5,1.9,8:11,159,84,232,184.4,43,9.7,5:26
16.0,1.97,8:23,162,86,168,190.5,74,12.5,4:55
16.5,2.03,7:53,158,91,182,193.4,60,4.4,6:35
17.0,2.1,7:11,155,101,122,184.9,70,-8.3,7:10
17.5,2.15,8:15,148,85,158,178.1,53,-15.8,8:03
18.0,2.19,11:48,149,72,195,186.1,38,17.9,5:29
18.5,2.25,9:50,152,81,199,194.7,54,18.2,4:37
19.0,2.32,6:52,159,86,197,199.6,73,7.6,5:03
19.5,2.34,18:34,153,51,157,206.5,22,25.0,6:52
20.0,2.38,17:58,150,58,146,215.0,37,32.6,4:55
20.5,2.41,14:20,149,60,156,221.5,35,18.7,6:26
21.0,2.45,14:40,151,59,183,230.6,35,25.5,5:01
21.5,2.5,10:40,158,75,197,239.7,49,20.3,4:31
22.0,2.53,12:29,155,59,159,246.0,35,16.0,6:15
22.5,2.56,15:05,151,52,154,254.0,31,24.6,5:20
23.0,2.6,13:49,144,62,73,256.5,38,26.5,8:22
23.5,2.68,6:43,147,87,185,255.1,75,-2.9,7:15
24.0,2.75,6:19,144,87,197,257.4,76,2.9,5:41
24.5,2.82,6:47,148,87,197,261.0,72,4.7,5:41
25.0,2.88,7:53,148,83,182,265.4,61,7.2,5:57
25.5,2.92,13:58,151,63,160,270.6,34,12.9,8:04
26.0,2.97,12:07,150,68,167,278.4,50,19.7,5:16
26.5,3.05,6:13,151,87,208,282.4,78,5.7,4:57
27.0,3.11,7:30,157,81,198,286.6,61,6.3,5:56
27.5,3.19,6:47,158,86,223,293.1,81,8.9,4:44
28.0,3.27,6:07,163,87,222,297.7,78,5.8,4:53
28.5,3.35,6:21,160,89,151,296.0,83,0.6,6:02
29.0,3.41,7:36,157,87,128,289.8,58,-10.1,8:51
29.5,3.48,7:22,146,98,120,280.0,74,-13.2,8:14
30.0,3.56,5:38,149,87,208,275.2,76,-7.4,6:27
30.5,3.61,9:14,152,81,177,280.0,54,7.9,6:40
31.0,3.68,7:09,154,84,192,284.7,70,8.0,5:18
31.5,3.73,8:42,155,85,146,286.6,48,4.5,7:26
32.0,3.8,7:05,145,83,180,289.0,69,2.9,6:18
32.5,3.8,22:53,139,56,56,288.7,3,4.7,20:19
33.0,3.83,14:26,123,71,62,284.4,33,-7.9,15:10
33.5,3.88,13:11,117,86,68,275.1,42,-24.6,10:30
34.0,3.92,11:56,116,98,80,263.4,45,-26.5,8:44
34.5,3.99,7:53,126,88,130,253.8,66,-17.7,7:55
35.0,4.03,10:29,140,71,193,258.9,45,6.6,7:01
35.5,4.06,14:58,145,53,137,265.0,31,19.4,6:29
36.0,4.09,16:27,146,49,152,272.1,30,22.9,6:13
36.5,4.12,18:15,145,57,142,279.2,24,25.9,6:11
37.0,4.14,19:34,146,50,152,287.3,25,31.4,5:29
37.5,4.17,18:20,149,49,165,295.8,27,30.7,5:14
38.0,4.2,17:38,152,51,157,304.9,34,33.1,4:41
38.5,4.23,16:25,152,53,132,311.5,26,23.0,6:11
39.0,4.27,14:35,149,57,159,318.7,41,21.7,6:03
39.5,4.36,5:42,156,92,182,319.9,92,4.9,4:45
40.0,4.46,4:50,163,91,266,318.2,99,-3.1,5:12
40.5,4.54,5:42,164,90,221,321.7,76,4.4,4:49
41.0,4.58,8:32,165,96,124,320.0,46,-1.2,8:12
41.5,4.63,10:14,159,75,87,309.7,42,-46.9,9:07
42.0,4.64,12:19,133,64,99,307.7,18,-69.8,12:55
42.5,4.68,11:24,128,84,101,307.8,37,1.9,10:37
43.0,4.71,15:10,116,99,68,297.9,32,-25.8,10:36
43.5,4.76,13:06,120,102,78,284.5,43,-34.7,7:12
44.0,4.79,12:09,123,103,80,270.4,38,-34.8,6:38
44.5,4.84,11:10,128,107,85,257.3,50,-29.5,7:25
45.0,4.88,12:23,129,98,80,243.9,39,-33.3,7:08
45.5,4.96,7:41,121,90,119,231.9,75,-23.2,6:42
46.0,5.02,6:19,137,88,248,232.1,63,-1.8,6:16
46.5,5.05,19:11,129,53,152,240.9,25,34.7,5:00
47.0,5.07,23:46,123,48,123,248.6,23,43.1,5:56
47.5,5.14,8:33,134,79,201,256.0,68,16.3,4:52
48.0,5.21,6:40,131,89,229,263.7,76,11.1,4:11
48.5,5.29,6:00,131,86,212,265.4,79,2.2,5:29
49.0,5.35,8:01,163,86,235,273.0,61,10.8,5:03
49.5,5.41,7:15,165,88,203,280.0,56,12.2,4:26
50.0,5.45,9:41,160,87,117,281.9,37,26.7,8:06
50.5,5.53,6:19,152,89,207,284.1,81,2.2,5:50
51.0,5.6,6:36,159,88,142,280.8,77,-1.9,6:46
51.5,5.71,4:49,172,92,210,274.3,103,-6.7,5:35
52.0,5.78,5:52,161,90,226,275.7,71,1.4,5:35
52.5,5.87,6:21,157,99,157,272.5,92,-1.7,6:38
53.0,5.97,4:59,144,92,202,264.8,103,-7.7,5:46
53.5,6.07,4:58,140,96,186,257.3,95,-6.2,5:38
54.0,6.15,5:50,153,89,237,254.8,81,-6.4,6:07
54.5,6.22,6:39,159,85,186,258.4,70,6.0,5:17
55.0,6.26,13:25,151,70,132,261.7,42,5.8,10:11
55.5,6.33,7:23,149,84,157,264.0,67,7.9,5:56
56.0,6.41,5:38,150,93,193,263.3,85,0.0,5:36
56.5,6.49,6:44,157,88,208,264.3,77,-0.8,6:37
57.0,6.55,7:35,160,87,156,267.0,61,5.3,6:03
57.5,6.63,7:02,153,89,188,268.1,81,0.3,6:53
58.0,6.7,7:10,156,85,203,271.6,71,4.6,6:01
58.5,6.76,8:19,160,83,186,276.7,53,8.9,5:53
59.0,6.8,11:29,154,76,182,284.9,48,18.5,5:12
59.5,6.89,5:48,160,91,195,286.2,85,3.4,4:57
60.0,6.94,8:33,168,90,112,280.0,54,-19.2,8:24
60.5,6.96,22:38,154,60,95,281.3,21,0.4,13:19
61.0,6.98,25:11,145,71,45,278.6,12,-8.1,15:35
61.5,6.99,32:03,142,78,99,284.8,10,30.5,9:08
62.0,7.06,7:20,153,92,125,283.3,72,6.1,5:39
62.5,7.13,6:39,159,96,136,267.4,71,-19.2,6:14
63.0,7.19,8:18,154,88,148,261.1,59,-27.4,6:47
63.5,7.27,6:00,159,92,214,264.7,81,4.7,5:01
64.0,7.36,5:25,164,95,220,265.2,91,0.9,5:15
64.5,7.45,5:49,165,105,149,254.6,87,-9.1,6:12
65.0,7.53,5:29,164,94,191,246.3,83,-11.4,5:59
65.5,7.61,6:19,164,109,142,233.2,77,-13.8,6:26
66.0,7.67,6:55,156,90,137,216.2,66,-28.5,5:07
66.5,7.72,9:50,147,82,94,211.9,48,-15.4,9:59
67.0,7.72,28:44,138,60,43,204.4,2,-84.2,16:29
67.5,7.75,18:08,129,63,109,205.8,32,-5.8,16:43
68.0,7.81,8:28,137,80,204,213.2,59,13.3,4:57
68.5,7.84,17:02,146,54,143,219.8,22,24.7,6:29
69.0,7.87,19:15,118,52,151,227.2,34,27.7,6:05
69.5,7.9,17:30,111,55,153,235.6,29,31.9,5:10
70.0,7.96,10:28,112,71,169,242.6,59,17.5,5:20
70.5,8.03,6:33,126,90,193,245.4,67,4.6,5:25
71.0,8.06,13:59,149,55,166,251.9,36,16.1,6:40
71.5,8.09,14:13,152,58,158,259.0,33,20.4,5:57
72.0,8.18,6:42,155,85,176,263.0,85,9.5,4:50
72.5,8.26,5:35,156,90,203,261.8,80,-1.2,5:48
73.0,8.34,5:49,155,89,203,259.0,81,-3.9,6:25
73.5,8.37,14:42,148,52,170,265.8,34,17.6,6:39
74.0,8.4,14:28,135,48,165,273.4,31,22.2,5:37
74.5,8.47,8:35,135,80,196,280.8,62,14.5,4:47
75.0,8.53,8:15,151,92,124,279.0,62,1.5,7:01
75.5,8.58,9:34,155,76,189,279.9,55,-2.7,8:14
76.0,8.67,6:09,160,90,197,283.0,82,4.9,5:02
76.5,8.76,5:32,160,100,167,278.3,95,-1.8,5:43
77.0,8.86,5:16,165,91,186,268.7,95,-11.3,6:02
77.5,8.96,5:01,162,91,211,265.1,100,-4.1,5:35
78.0,9.06,5:00,165,91,223,263.5,102,-2.0,5:17
78.5,9.15,5:13,164,91,205,258.9,92,-4.9,5:51
79.0,9.23,6:13,160,86,201,261.1,83,2.4,5:36
79.5,9.29,7:09,163,86,155,259.4,61,-1.7,7:30
80.0,9.31,19:00,149,61,52,255.1,14,-34.0,15:39
80.5,9.32,24:31,129,52,45,254.9,15,-7.7,25:43
81.0,9.37,10:12,121,79,106,254.8,47,0.5,10:17
81.5,9.46,5:41,137,90,176,252.4,92,-1.4,5:54
82.0,9.54,5:53,146,89,214,250.0,77,-4.6,6:30
82.5,9.63,5:40,150,91,195,251.1,88,2.4,5:11
83.0,9.72,5:43,154,92,182,248.8,92,-2.1,6:06
83.5,9.82,5:16,153,90,202,243.2,97,-6.6,6:04
84.0,9.91,5:18,156,92,181,238.9,93,-3.2,5:45
84.5,9.99,6:09,148,96,155,230.5,85,-10.7,7:09
85.0,10.07,5:57,142,91,162,224.1,79,-7.4,6:54
85.5,10.15,6:29,144,91,139,212.9,75,-14.4,7:07
86.0,10.23,6:07,140,96,148,204.3,83,-10.5,7:05
86.5,10.32,5:35,140,93,165,194.5,88,-11.3,6:28
87.0,10.39,6:41,146,88,189,189.4,69,-9.2,7:42
87.5,10.47,6:03,147,91,187,191.2,82,3.6,5:14
88.0,10.5,12:14,153,63,181,194.4,31,7.4,8:49
88.5,10.53,17:48,143,54,136,202.1,29,30.3,5:24
89.0,10.54,26:13,139,48,45,204.2,9,24.8,11:20
89.5,10.57,14:22,130,60,89,204.4,34,0.2,14:30
90.0,10.64,7:17,145,86,234,211.0,69,8.4,5:04
90.5,10.66,17:00,149,57,67,212.9,21,8.9,10:03
91.0,10.69,25:15,133,52,43,212.5,22,-3.6,27:18
91.5,10.71,17:13,115,56,64,212.2,24,-2.1,17:59
92.0,10.74,12:59,118,71,84,212.2,34,1.6,12:43
92.5,10.78,15:00,114,89,61,207.4,37,-14.1,15:23
93.0,10.85,7:29,123,94,118,196.9,71,-14.1,8:10
93.5,10.93,6:24,142,88,202,190.6,75,-11.5,6:48
94.0,11.0,6:39,151,86,160,188.7,71,-0.9,6:31
94.5,11.06,9:42,151,81,170,192.0,60,3.0,7:49
95.0,11.12,7:15,156,87,225,198.7,64,9.2,4:58
95.5,11.18,8:05,160,85,226,207.0,63,13.3,4:35
96.0,11.26,6:54,164,84,180,211.5,71,7.9,4:58
96.5,11.32,7:34,158,86,133,209.4,69,-2.3,8:01
97.0,11.38,7:27,156,87,205,211.2,61,0.5,7:10
97.5,11.42,12:27,156,64,155,218.3,33,21.5,5:29
98.0,11.43,27:01,145,49,45,220.1,9,17.0,11:45
98.5,11.43,33:36,133,57,34,220.1,4,-1.0,34:21
99.0,11.44,22:31,122,48,56,220.1,4,-0.8,23:02
99.5,11.44,,122,64,,220.3,0,-0.6,
100.0,11.44,,114,,,220.5,0,-0.6,
100.5,11.44,,118,70,,220.5,1,-0.6,
101.0,11.44,27:25,114,26,34,221.0,4,0.5,22:00
101.5,11.45,22:41,112,38,48,220.7,10,-0.2,21:51
102.0,11.45,49:01,110,60,26,221.1,1,-3.9,54:29
102.5,11.47,17:25,110,56,56,220.8,18,-1.6,17:41
103.0,11.53,8:51,112,89,104,217.1,64,-6.2,9:59
103.5,11.61,6:02,144,90,180,214.1,80,-4.2,6:42
104.0,11.69,6:16,152,89,156,209.7,81,-5.1,7:04
104.5,11.75,7:06,135,90,150,206.6,56,-4.1,7:52
105.0,11.8,9:54,135,87,108,197.6,55,-18.6,9:36
105.5,11.87,9:02,138,77,143,199.1,68,-0.2,8:03
106.0,11.94,6:41,144,86,146,195.2,68,-3.9,7:07
106.5,12.01,6:56,148,86,179,195.2,73,-0.9,6:50
107.0,12.07,8:41,153,84,140,195.0,57,-0.8,8:50
107.5,12.13,9:02,150,79,156,197.3,58,2.8,7:57
108.0,12.18,8:36,148,76,164,199.9,55,4.2,7:22
108.5,12.21,15:46,139,55,157,206.5,24,22.3,6:43
109.0,12.24,18:28,124,54,147,214.0,30,28.3,5:55
109.5,12.28,14:23,113,57,170,222.2,43,23.8,5:15
110.0,12.33,9:51,109,101,98,220.7,48,3.9,7:11
110.5,12.4,7:32,118,102,120,206.1,74,-21.7,6:46
111.0,12.47,6:39,137,103,133,192.1,66,-18.7,6:31
111.5,12.53,7:51,137,91,113,178.3,57,-22.0,6:53
112.0,12.57,11:03,136,72,87,163.9,41,-32.8,6:35
112.5,12.62,11:22,131,83,83,150.8,48,-29.9,7:23
113.0,12.65,11:57,125,90,83,137.1,37,-33.8,7:03
113.5,12.73,7:22,139,92,118,125.1,75,-18.8,7:10
114.0,12.81,6:19,139,93,139,113.6,79,-14.2,6:59
114.5,12.88,6:32,143,94,136,103.0,76,-14.4,7:12
115.0,12.97,5:44,154,90,167,95.0,91,-10.0,6:39
115.5,13.07,5:23,162,91,178,87.3,93,-8.2,6:17
116.0,13.15,5:29,163,90,220,86.2,89,-2.4,5:47
116.5,13.24,5:48,172,89,163,81.9,88,-3.3,6:12
117.0,13.34,5:11,177,90,184,74.4,93,-7.9,6:04
117.5,13.43,5:27,170,89,174,67.4,96,-7.7,6:23
118.0,13.53,5:16,177,90,184,60.5,98,-7.4,6:09
118.5,13.62,5:10,173,90,189,54.3,95,-6.3,5:58
119.0,13.72,5:10,172,90,188,47.5,97,-7.1,6:00
119.5,13.81,5:36,174,90,186,43.1,89,-5.6,6:24
120.0,13.88,6:28,179,85,176,41.9,67,-2.1,6:54
120.5,13.89,27:36,169,55,41,41.4,13,-4.3,30:35
121.0,13.9,12:49,135,50,92,41.3,8,-1.5,13:00
121.5,13.91,27:28,121,54,39,41.4,8,0.1,27:31
122.0,13.91,,116,66,,41.3,0,-2.0,
122.5,13.91,,111,,,40.9,0,-2.0,
123.0,13.91,,105,,,41.0,0,-2.0,
123.5,13.91,,106,,,40.9,0,-2.0,
124.0,13.91,27:47,106,57,31,41.1,3,-1.6,25:41
124.5,13.98,6:27,110,88,165,40.9,67,0.4,6:29
125.0,14.04,6:33,124,80,163,39.2,59,-5.8,6:51
125.5,14.1,7:21,140,75,142,37.6,63,-5.6,7:49
126.0,14.17,6:37,140,87,163,35.4,72,-3.0,7:13
126.5,14.25,6:50,137,89,176,36.1,82,0.3,6:44
127.0,14.34,6:11,141,89,181,36.4,83,0.7,6:03
127.5,14.39,7:46,142,78,146,35.8,58,-0.9,7:57
128.0,14.4,27:17,135,54,43,35.2,2,-8.5,30:43
128.5,14.41,11:54,125,70,90,35.3,11,-7.4,11:49
129.0,14.47,7:24,131,92,289,43.1,68,8.0,5:03
129.5,14.55,7:01,141,89,255,54.5,74,17.1,3:21
130.0,14.6,8:37,153,87,226,62.6,54,14.1,4:49
130.5,14.64,11:03,158,85,177,71.2,38,21.2,4:37
131.0,14.67,14:52,160,75,166,79.6,32,33.9,5:35
131.5,14.71,11:23,159,83,231,90.6,38,24.5,4:03
132.0,14.78,7:45,154,86,193,98.9,72,18.8,3:46
132.5,14.86,5:53,163,88,234,98.9,76,-0.9,5:57
133.0,14.95,5:51,171,91,186,98.6,86,1.0,5:19
133.5,15.01,7:19,166,87,213,101.6,66,2.5,6:27
134.0,15.07,9:08,168,86,234,110.6,55,15.1,4:45
134.5,15.12,9:11,168,85,222,121.0,58,20.5,3:53
135.0,15.2,6:22,170,88,205,124.6,75,5.5,5:02
135.5,15.25,9:16,176,86,235,133.3,54,14.5,4:57
136.0,15.31,9:25,185,85,223,143.9,54,20.6,3:55
136.5,15.36,8:07,164,84,202,149.8,56,9.9,5:22
137.0,15.41,10:54,152,82,212,159.0,45,19.6,4:45
137.5,15.46,9:15,152,84,184,167.0,57,16.2,4:37
138.0,15.51,11:48,167,84,201,175.6,44,19.8,5:05
138.5,15.58,6:35,173,86,207,180.7,71,7.9,4:44
139.0,15.62,10:14,176,84,214,188.3,41,15.1,5:25
139.5,15.65,14:03,176,77,208,199.0,34,29.6,4:10
140.0,15.69,15:11,171,54,167,208.5,30,34.1,4:28
140.5,15.72,13:29,168,75,182,217.1,37,23.6,5:05
141.0,15.75,14:49,167,58,170,225.7,31,29.2,5:08
141.5,15.78,17:35,161,52,150,234.2,28,34.1,5:16
142.0,15.84,9:34,123,73,159,240.8,61,19.3,4:47
142.5,15.89,8:16,126,84,222,243.2,50,2.3,7:27
143.0,15.94,10:36,135,72,153,251.2,51,25.1,4:11
143.5,16.01,6:55,138,85,215,251.0,63,-1.7,7:09
144.0,16.04,13:19,147,69,178,259.7,36,23.3,5:01
144.5,16.09,12:42,136,65,170,267.4,45,20.1,5:26
145.0,16.15,8:26,130,86,203,275.2,61,13.8,4:43
145.5,16.2,9:09,147,83,219,283.0,49,13.5,5:11
146.0,16.2,13:05,151,61,112,286.3,0,29.3,4:27
146.5,16.2,28:59,143,50,46,286.2,5,1.5,31:03
147.0,16.22,27:01,138,51,45,286.7,16,2.0,24:29
147.5,16.23,21:44,126,48,48,286.7,10,0.8,21:29
148.0,16.23,,124,57,,287.0,3,-1.5,
148.5,16.23,,118,104,,287.4,1,-1.5,
149.0,16.24,35:05,113,52,36,287.5,5,0.9,34:08
149.5,16.24,,121,56,,287.9,1,2.9,
150.0,16.24,29:25,119,59,35,287.7,4,2.1,33:17
150.5,16.26,20:13,121,52,63,288.0,15,0.3,20:15
151.0,16.33,8:06,120,89,142,289.0,71,2.3,7:27
151.5,16.41,6:35,140,88,160,286.5,80,-3.0,7:10
152.0,16.46,8:28,148,84,122,284.0,55,-4.1,9:27
152.5,16.54,7:20,162,85,126,278.1,72,-8.1,8:33
153.0,16.6,6:32,151,86,193,277.0,69,-3.2,6:59
153.5,16.63,15:09,128,60,160,282.6,29,14.6,8:05
154.0,16.68,13:20,107,63,150,290.1,47,21.7,5:22
154.5,16.74,8:31,106,77,170,294.3,56,7.5,6:20
155.0,16.81,7:23,114,85,197,299.8,74,8.3,5:16
155.5,16.91,5:18,123,88,187,297.7,98,-0.4,5:16
156.0,16.98,6:31,125,92,148,291.0,69,-8.6,7:32
156.5,17.04,7:34,134,85,132,286.1,67,-8.4,8:42
157.0,17.11,8:19,142,83,134,284.4,61,-3.1,9:03
157.5,17.16,8:50,142,82,99,276.5,58,-12.0,9:12
158.0,17.25,6:26,151,88,153,268.9,82,-11.5,7:14
158.5,17.32,6:22,166,87,160,264.7,80,-5.5,7:16
159.0,17.42,5:36,172,89,192,262.2,93,-3.2,6:08
159.5,17.48,6:14,174,86,195,260.6,66,-2.7,6:45
160.0,17.55,8:44,170,93,100,255.5,61,-3.7,8:59
160.5,17.61,7:01,178,90,126,244.0,64,-16.3,7:22
161.0,17.67,9:19,172,93,97,231.5,60,-22.7,7:58
161.5,17.73,8:15,158,104,108,219.6,56,-19.9,7:46
162.0,17.81,6:08,148,94,154,207.4,85,-17.1,6:18
162.5,17.87,7:25,149,79,129,200.9,60,-10.3,8:38
163.0,17.94,7:45,139,102,114,193.1,69,-10.4,8:58
163.5,18.01,6:50,143,104,134,175.7,70,-22.2,5:50
164.0,18.07,8:10,150,103,112,158.3,56,-29.4,5:25
164.5,18.14,7:37,147,105,122,140.3,73,-27.2,5:30
165.0,18.22,6:10,151,92,150,125.0,82,-21.3,5:32
165.5,18.32,5:15,166,94,171,115.5,101,-9.8,6:07
166.0,18.43,4:39,181,91,222,107.0,109,-9.2,5:23
166.5,18.54,4:29,183,90,223,102.7,109,-3.4,4:55
167.0,18.64,4:45,184,91,207,94.5,100,-7.9,5:32
167.5,18.82,9:16,185,92,101,85.8,182,-16.8,9:34
168.0,18.93,5:05,182,91,216,82.1,113,-5.8,5:35
168.5,19.04,4:36,183,91,215,78.2,108,-2.5,4:55
169.0,19.16,4:28,181,92,199,65.6,121,-10.4,5:10
169.5,19.28,4:11,179,91,241,56.4,119,-8.8,4:51
170.0,19.4,4:17,180,91,246,52.4,116,-3.7,4:44
170.5,19.52,4:15,172,91,259,50.0,121,-2.4,4:34
171.0,19.64,4:28,174,90,244,48.8,116,-1.0,4:36
171.5,19.73,4:53,176,88,234,47.3,94,-1.8,5:10
172.0,19.81,5:45,178,90,218,49.1,78,1.7,5:26
172.5,19.81,17:52,181,90,74,50.2,0,5.0,14:22
173.0,19.97,8:07,178,89,124,51.0,166,4.3,7:24
