timestamp,position_lat,position_long,distance,speed,altitude,heart_rate,cadence,power,stance_time,vertical_oscillation,vertical_ratio,step_length,accumulated_power,activity_type,dev_effort_pace
2026-07-02T11:14:19+00:00,,,0.0,,,,,,,,,,,1,
2026-07-02T11:14:20+00:00,,,0.0,,,,,,,,,,,1,
2026-07-02T11:14:21+00:00,,,0.0,,,,,,,,,,,1,
2026-07-02T11:14:22+00:00,,,2.0,1.431,,,,,0.0,0.0,0.0,720.0,,1,1.4299999475479126
2026-07-02T11:14:23+00:00,,,4.0,1.425,,,,,0.0,0.0,0.0,720.0,,1,1.4249999523162842
2026-07-02T11:14:24+00:00,,,5.5,1.419,,,59,99,0.0,0.0,0.0,720.0,99,1,1.4190000295639038
2026-07-02T11:14:25+00:00,,,7.0,1.417,19.0,,59,99,0.0,0.0,0.0,720.0,198,1,1.4160000085830688
2026-07-02T11:14:26+00:00,,,9.0,2.169,19.0,,72,98,0.0,0.0,0.0,860.0,296,1,2.1689999103546143
2026-07-02T11:14:27+00:00,,,11.0,2.922,19.0,96,86,98,0.0,0.0,0.0,1010.0,394,1,2.921999931335449
2026-07-02T11:14:28+00:00,,,14.0,2.925,19.0,101,86,149,0.0,0.0,0.0,1010.0,543,1,2.9240000247955322
2026-07-02T11:14:29+00:00,,,17.0,2.931,20.0,104,86,201,0.0,0.0,0.0,1020.0,744,1,2.930000066757202
2026-07-02T11:14:30+00:00,,,19.5,2.908,20.0,107,86,201,0.0,0.0,0.0,1010.0,945,1,2.9079999923706055
2026-07-02T11:14:31+00:00,,,22.0,2.886,20.0,110,85,202,0.0,0.0,0.0,1010.0,1147,1,2.885999917984009
2026-07-02T11:14:32+00:00,,,25.0,2.911,20.0,115,86,200,119.0,46.0,4.8,1010.0,1347,1,2.9110000133514404
2026-07-02T11:14:33+00:00,,,28.0,2.939,20.0,118,87,199,239.0,93.0,9.7,1010.0,1546,1,2.937999963760376
2026-07-02T11:14:34+00:00,,,31.5,2.969,20.0,121,87,201,236.0,93.0,9.4,1010.0,1747,1,2.9690001010894775
2026-07-02T11:14:35+00:00,,,35.0,3.003,20.0,125,88,203,233.0,93.0,9.1,1020.0,1950,1,3.002000093460083
2026-07-02T11:14:36+00:00,,,38.0,3.05,20.0,127,88,205,231.0,92.0,9.1,1030.0,2155,1,3.0490000247955322
2026-07-02T11:14:37+00:00,,,41.0,3.097,20.0,128,89,207,229.0,92.0,9.1,1040.0,2362,1,3.0969998836517334
2026-07-02T11:14:38+00:00,,,44.5,3.111,20.0,128,89,210,227.0,92.0,9.0,1040.0,2572,1,3.1110000610351562
2026-07-02T11:14:39+00:00,,,48.0,3.128,20.0,129,89,214,226.0,92.0,9.0,1050.0,2786,1,3.127000093460083
2026-07-02T11:14:40+00:00,,,51.0,3.128,20.0,130,89,215,224.0,92.0,8.9,1050.0,3001,1,3.127000093460083
2026-07-02T11:14:41+00:00,,,54.0,3.131,20.0,131,89,216,223.0,92.0,8.9,1050.0,3217,1,3.130000114440918
2026-07-02T11:14:42+00:00,,,57.0,3.094,20.0,131,88,216,222.0,92.0,8.9,1040.0,3433,1,3.0940001010894775
2026-07-02T11:14:43+00:00,,,60.0,3.061,20.0,132,88,216,222.0,92.0,8.9,1040.0,3649,1,3.061000108718872
2026-07-02T11:14:44+00:00,,,63.0,3.044,20.0,132,88,213,222.0,92.0,8.9,1030.0,3862,1,3.0439999103546143
2026-07-02T11:14:45+00:00,,,66.0,3.028,20.0,133,88,211,222.0,93.0,8.9,1030.0,4073,1,3.0269999504089355
2026-07-02T11:14:46+00:00,,,69.0,3.061,20.0,133,88,210,221.0,93.0,8.9,1030.0,4283,1,3.061000108718872
2026-07-02T11:14:47+00:00,,,72.0,3.094,20.0,134,89,209,221.0,93.0,8.9,1040.0,4492,1,3.0940001010894775
2026-07-02T11:14:48+00:00,,,75.5,3.156,20.0,134,90,211,219.0,92.0,8.8,1050.0,4703,1,3.1549999713897705
2026-07-02T11:14:49+00:00,,,79.0,3.219,20.0,134,91,213,218.0,92.0,8.8,1060.0,4916,1,3.2190001010894775
2026-07-02T11:14:50+00:00,,,82.0,3.256,20.0,135,91,217,216.0,91.0,8.7,1060.0,5133,1,3.255000114440918
2026-07-02T11:14:51+00:00,,,85.0,3.292,20.0,136,92,222,215.0,91.0,8.7,1070.0,5355,1,3.2909998893737793
2026-07-02T11:14:52+00:00,,,88.5,3.294,20.0,136,92,224,214.0,91.0,8.6,1070.0,5579,1,3.2939999103546143
2026-07-02T11:14:53+00:00,,,92.0,3.3,20.0,136,92,227,213.0,91.0,8.6,1080.0,5806,1,3.299999952316284
2026-07-02T11:14:54+00:00,,,95.0,3.3,20.0,137,92,227,212.0,90.0,8.5,1080.0,6033,1,3.299999952316284
2026-07-02T11:14:55+00:00,,,98.0,3.303,20.0,137,92,227,211.0,90.0,8.4,1080.0,6260,1,3.302000045776367
2026-07-02T11:14:56+00:00,,,101.5,3.292,20.0,138,91,227,210.0,90.0,8.3,1080.0,6487,1,3.2909998893737793
2026-07-02T11:14:57+00:00,,,105.0,3.281,20.0,139,91,227,210.0,90.0,8.3,1080.0,6714,1,3.2799999713897705
2026-07-02T11:14:58+00:00,,,108.0,3.275,20.0,140,91,226,209.0,90.0,8.3,1070.0,6940,1,3.2739999294281006
2026-07-02T11:14:59+00:00,,,111.0,3.269,20.0,140,91,226,209.0,90.0,8.3,1070.0,7166,1,3.2690000534057617
2026-07-02T11:15:00+00:00,,,114.5,3.269,20.0,141,91,225,209.0,90.0,8.3,1070.0,7391,1,3.2690000534057617
2026-07-02T11:15:01+00:00,,,118.0,3.269,20.0,141,91,225,209.0,90.0,8.4,1070.0,7616,1,3.2690000534057617
2026-07-02T11:15:02+00:00,,,121.0,3.269,20.0,142,91,225,208.0,90.0,8.3,1070.0,7841,1,3.2690000534057617
2026-07-02T11:15:03+00:00,,,124.0,3.269,20.0,142,91,225,207.0,90.0,8.3,1070.0,8066,1,3.2690000534057617
2026-07-02T11:15:04+00:00,,,127.5,3.269,20.0,142,91,225,206.0,89.0,8.3,1070.0,8291,1,3.2690000534057617
2026-07-02T11:15:05+00:00,,,131.0,3.269,20.0,143,91,225,205.0,89.0,8.3,1070.0,8516,1,3.2690000534057617
2026-07-02T11:15:06+00:00,,,134.5,3.269,20.0,143,91,225,204.0,88.0,8.3,1070.0,8741,1,3.2690000534057617
2026-07-02T11:15:07+00:00,,,138.0,3.269,20.0,144,91,225,203.0,88.0,8.3,1070.0,8966,1,3.2690000534057617
2026-07-02T11:15:08+00:00,,,141.0,3.283,20.0,145,91,225,202.0,88.0,8.2,1070.0,9191,1,3.2829999923706055
2026-07-02T11:15:09+00:00,,,144.0,3.297,20.0,146,92,225,202.0,88.0,8.2,1080.0,9416,1,3.296999931335449
2026-07-02T11:15:10+00:00,,,147.5,3.283,20.0,146,91,226,201.0,88.0,8.2,1070.0,9642,1,3.2829999923706055
2026-07-02T11:15:11+00:00,,,151.0,3.272,20.0,146,91,227,201.0,89.0,8.3,1070.0,9869,1,3.2720000743865967
2026-07-02T11:15:12+00:00,,,154.0,3.283,20.0,146,91,226,200.0,89.0,8.3,1070.0,10095,1,3.2829999923706055
2026-07-02T11:15:13+00:00,,,157.0,3.297,20.0,146,92,225,199.0,89.0,8.3,1080.0,10320,1,3.296999931335449
2026-07-02T11:15:14+00:00,,,160.5,3.3,20.0,146,92,226,199.0,89.0,8.3,1080.0,10546,1,3.299999952316284
2026-07-02T11:15:15+00:00,,,164.0,3.303,20.0,146,92,227,199.0,89.0,8.3,1080.0,10773,1,3.302000045776367
2026-07-02T11:15:16+00:00,,,167.0,3.303,20.0,146,92,227,198.0,89.0,8.3,1080.0,11000,1,3.302000045776367
2026-07-02T11:15:17+00:00,,,170.0,3.303,20.0,146,92,227,198.0,89.0,8.3,1080.0,11227,1,3.302000045776367
2026-07-02T11:15:18+00:00,,,173.5,3.292,20.0,147,91,227,197.0,89.0,8.2,1080.0,11454,1,3.2909998893737793
2026-07-02T11:15:19+00:00,,,177.0,3.281,20.0,147,91,227,197.0,89.0,8.2,1080.0,11681,1,3.2799999713897705
2026-07-02T11:15:20+00:00,,,180.5,3.275,20.0,147,91,226,197.0,88.0,8.2,1070.0,11907,1,3.2739999294281006
2026-07-02T11:15:21+00:00,,,184.0,3.269,20.0,147,91,226,198.0,88.0,8.2,1070.0,12133,1,3.2690000534057617
2026-07-02T11:15:22+00:00,,,187.0,3.269,20.0,148,91,225,198.0,87.0,8.1,1070.0,12358,1,3.2690000534057617
2026-07-02T11:15:23+00:00,,,190.0,3.269,20.0,149,91,225,198.0,87.0,8.1,1070.0,12583,1,3.2690000534057617
2026-07-02T11:15:24+00:00,,,193.5,3.269,20.0,149,91,225,198.0,87.0,8.1,1070.0,12808,1,3.2690000534057617
2026-07-02T11:15:25+00:00,,,197.0,3.269,20.0,149,91,225,199.0,87.0,8.1,1070.0,13033,1,3.2690000534057617
2026-07-02T11:15:26+00:00,,,200.0,3.269,20.0,150,91,225,199.0,87.0,8.1,1070.0,13258,1,3.2690000534057617
2026-07-02T11:15:27+00:00,,,203.0,3.269,20.0,150,91,225,199.0,87.0,8.1,1070.0,13483,1,3.2690000534057617
2026-07-02T11:15:28+00:00,,,206.5,3.269,20.0,150,91,225,199.0,87.0,8.1,1070.0,13708,1,3.2690000534057617
2026-07-02T11:15:29+00:00,,,210.0,3.269,20.0,150,91,225,200.0,87.0,8.1,1070.0,13933,1,3.2690000534057617
2026-07-02T11:15:30+00:00,,,213.0,3.269,20.0,151,91,225,200.0,86.0,8.1,1070.0,14158,1,3.2690000534057617
2026-07-02T11:15:31+00:00,,,216.0,3.269,20.0,151,91,225,200.0,86.0,8.1,1070.0,14383,1,3.2690000534057617
2026-07-02T11:15:32+00:00,,,219.5,3.269,20.0,152,91,225,200.0,86.0,8.0,1070.0,14608,1,3.2690000534057617
2026-07-02T11:15:33+00:00,,,223.0,3.269,20.0,152,91,225,200.0,86.0,8.0,1070.0,14833,1,3.2690000534057617
2026-07-02T11:15:34+00:00,,,226.0,3.269,20.0,152,91,225,200.0,86.0,8.0,1070.0,15058,1,3.2690000534057617
2026-07-02T11:15:35+00:00,,,229.0,3.269,20.0,153,91,225,201.0,86.0,8.0,1070.0,15283,1,3.2690000534057617
2026-07-02T11:15:36+00:00,,,232.5,3.258,20.0,153,91,225,201.0,86.0,8.0,1070.0,15508,1,3.257999897003174
2026-07-02T11:15:37+00:00,,,236.0,3.247,20.0,153,91,225,201.0,86.0,8.0,1070.0,15733,1,3.246999979019165
2026-07-02T11:15:38+00:00,,,239.0,3.242,20.0,153,91,224,200.0,85.0,8.0,1070.0,15957,1,3.240999937057495
2026-07-02T11:15:39+00:00,,,242.0,3.236,20.0,153,91,224,200.0,85.0,8.0,1070.0,16181,1,3.2360000610351562
2026-07-02T11:15:40+00:00,,,245.5,3.233,20.0,153,91,223,200.0,85.0,8.0,1070.0,16404,1,3.2330000400543213
2026-07-02T11:15:41+00:00,,,249.0,3.233,20.0,154,91,223,200.0,86.0,8.0,1070.0,16627,1,3.2330000400543213
2026-07-02T11:15:42+00:00,,,252.0,3.233,20.0,154,91,222,199.0,86.0,8.0,1070.0,16849,1,3.2330000400543213
2026-07-02T11:15:43+00:00,,,255.0,3.233,20.0,155,91,222,199.0,86.0,8.0,1070.0,17071,1,3.2330000400543213
2026-07-02T11:15:44+00:00,,,258.5,3.233,20.0,155,91,222,199.0,86.0,8.0,1070.0,17293,1,3.2330000400543213
2026-07-02T11:15:45+00:00,,,262.0,3.233,20.0,154,91,222,199.0,86.0,8.1,1070.0,17515,1,3.2330000400543213
2026-07-02T11:15:46+00:00,,,265.0,3.233,20.0,154,91,222,199.0,86.0,8.1,1070.0,17737,1,3.2330000400543213
2026-07-02T11:15:47+00:00,,,268.0,3.233,20.0,154,91,222,199.0,86.0,8.1,1070.0,17959,1,3.2330000400543213
2026-07-02T11:15:48+00:00,,,271.5,3.233,20.0,154,91,222,199.0,86.0,8.1,1070.0,18181,1,3.2330000400543213
2026-07-02T11:15:49+00:00,,,275.0,3.233,20.0,155,91,222,199.0,86.0,8.1,1070.0,18403,1,3.2330000400543213
2026-07-02T11:15:50+00:00,,,278.0,3.247,20.0,155,91,222,199.0,86.0,8.1,1070.0,18625,1,3.246999979019165
2026-07-02T11:15:51+00:00,,,281.0,3.264,20.0,155,91,222,199.0,87.0,8.1,1070.0,18847,1,3.263000011444092
2026-07-02T11:15:52+00:00,,,284.5,3.25,20.0,155,91,223,199.0,87.0,8.1,1070.0,19070,1,3.249000072479248
2026-07-02T11:15:53+00:00,,,288.0,3.239,20.0,155,91,225,199.0,88.0,8.2,1070.0,19295,1,3.23799991607666
2026-07-02T11:15:54+00:00,,,291.0,3.236,20.0,155,91,224,199.0,88.0,8.2,1070.0,19519,1,3.2360000610351562
2026-07-02T11:15:55+00:00,,,294.0,3.233,20.0,155,91,223,200.0,88.0,8.2,1070.0,19742,1,3.2330000400543213
2026-07-02T11:15:56+00:00,,,297.5,3.233,20.0,155,91,222,200.0,88.0,8.2,1070.0,19964,1,3.2330000400543213
2026-07-02T11:15:57+00:00,,,301.0,3.233,20.0,155,91,222,200.0,88.0,8.2,1070.0,20186,1,3.2330000400543213
2026-07-02T11:15:58+00:00,,,304.0,3.233,20.0,156,91,222,200.0,88.0,8.2,1070.0,20408,1,3.2330000400543213
2026-07-02T11:15:59+00:00,,,307.0,3.233,20.0,156,91,222,201.0,89.0,8.3,1070.0,20630,1,3.2330000400543213
2026-07-02T11:16:00+00:00,,,310.5,3.233,20.0,156,91,222,201.0,89.0,8.3,1070.0,20852,1,3.2330000400543213
2026-07-02T11:16:01+00:00,,,314.0,3.233,20.0,156,91,222,201.0,90.0,8.4,1070.0,21074,1,3.2330000400543213
2026-07-02T11:16:02+00:00,,,317.0,3.233,20.0,156,91,222,201.0,90.0,8.4,1070.0,21296,1,3.2330000400543213
2026-07-02T11:16:03+00:00,,,320.0,3.233,20.0,156,91,222,201.0,90.0,8.4,1070.0,21518,1,3.2330000400543213
2026-07-02T11:16:04+00:00,,,323.5,3.233,20.0,157,91,222,201.0,90.0,8.4,1070.0,21740,1,3.2330000400543213
2026-07-02T11:16:05+00:00,,,327.0,3.233,20.0,157,91,222,201.0,90.0,8.5,1070.0,21962,1,3.2330000400543213
2026-07-02T11:16:06+00:00,,,330.0,3.233,20.0,157,91,222,201.0,90.0,8.5,1070.0,22184,1,3.2330000400543213
2026-07-02T11:16:07+00:00,,,333.0,3.233,20.0,157,91,222,201.0,91.0,8.5,1070.0,22406,1,3.2330000400543213
2026-07-02T11:16:08+00:00,,,336.0,3.233,20.0,157,91,222,201.0,91.0,8.5,1070.0,22628,1,3.2330000400543213
2026-07-02T11:16:09+00:00,,,339.0,3.233,20.0,157,91,222,201.0,91.0,8.5,1070.0,22850,1,3.2330000400543213
2026-07-02T11:16:10+00:00,,,342.5,3.233,20.0,157,91,222,201.0,91.0,8.5,1070.0,23072,1,3.2330000400543213
2026-07-02T11:16:11+00:00,,,346.0,3.233,20.0,157,91,222,201.0,91.0,8.5,1070.0,23294,1,3.2330000400543213
2026-07-02T11:16:12+00:00,,,349.0,3.233,20.0,157,91,222,200.0,91.0,8.5,1070.0,23516,1,3.2330000400543213
2026-07-02T11:16:13+00:00,,,352.0,3.233,20.0,157,91,222,200.0,91.0,8.5,1070.0,23738,1,3.2330000400543213
2026-07-02T11:16:14+00:00,,,355.5,3.233,20.0,158,91,222,200.0,90.0,8.4,1070.0,23960,1,3.2330000400543213
2026-07-02T11:16:15+00:00,,,359.0,3.233,20.0,158,91,222,200.0,90.0,8.4,1070.0,24182,1,3.2330000400543213
2026-07-02T11:16:16+00:00,,,362.0,3.233,20.0,158,91,222,200.0,89.0,8.4,1070.0,24404,1,3.2330000400543213
2026-07-02T11:16:17+00:00,,,365.0,3.233,20.0,158,91,222,200.0,89.0,8.4,1070.0,24626,1,3.2330000400543213
2026-07-02T11:16:18+00:00,,,368.5,3.233,20.0,158,91,222,200.0,88.0,8.3,1070.0,24848,1,3.2330000400543213
2026-07-02T11:16:19+00:00,,,372.0,3.233,20.0,157,91,222,201.0,88.0,8.3,1070.0,25070,1,3.2330000400543213
2026-07-02T11:16:20+00:00,,,375.0,3.233,20.0,157,91,222,201.0,88.0,8.2,1070.0,25292,1,3.2330000400543213
2026-07-02T11:16:21+00:00,,,378.0,3.233,20.0,157,91,222,201.0,88.0,8.2,1070.0,25514,1,3.2330000400543213
2026-07-02T11:16:22+00:00,,,381.5,3.233,20.0,157,91,222,201.0,87.0,8.1,1070.0,25736,1,3.2330000400543213
2026-07-02T11:16:23+00:00,,,385.0,3.233,20.0,157,91,222,201.0,87.0,8.1,1070.0,25958,1,3.2330000400543213
2026-07-02T11:16:24+00:00,,,388.0,3.233,20.0,157,91,222,201.0,86.0,8.0,1070.0,26180,1,3.2330000400543213
2026-07-02T11:16:25+00:00,,,391.0,3.233,20.0,158,91,222,202.0,86.0,8.0,1070.0,26402,1,3.2330000400543213
2026-07-02T11:16:26+00:00,,,394.5,3.233,20.0,158,90,222,202.0,86.0,8.0,1070.0,26624,1,3.2330000400543213
2026-07-02T11:16:27+00:00,,,398.0,3.233,20.0,159,90,222,202.0,86.0,8.0,1070.0,26846,1,3.2330000400543213
2026-07-02T11:16:28+00:00,,,401.0,3.219,20.0,158,90,222,202.0,86.0,8.0,1060.0,27068,1,3.2190001010894775
2026-07-02T11:16:29+00:00,,,404.0,3.206,20.0,159,90,222,202.0,86.0,8.0,1060.0,27290,1,3.2049999237060547
2026-07-02T11:16:30+00:00,,,407.5,3.203,20.0,159,90,221,202.0,86.0,8.0,1060.0,27511,1,3.2019999027252197
2026-07-02T11:16:31+00:00,,,411.0,3.2,20.0,159,90,221,202.0,86.0,8.1,1060.0,27732,1,3.200000047683716
2026-07-02T11:16:32+00:00,,,414.0,3.189,20.0,159,90,220,202.0,86.0,8.1,1060.0,27952,1,3.187999963760376
2026-07-02T11:16:33+00:00,,,417.0,3.178,20.0,159,90,220,203.0,87.0,8.1,1060.0,28172,1,3.177000045776367
2026-07-02T11:16:34+00:00,,,420.0,3.172,20.0,159,90,219,203.0,87.0,8.1,1060.0,28391,1,3.171999931335449
2026-07-02T11:16:35+00:00,,,423.0,3.167,20.0,159,90,219,204.0,87.0,8.2,1060.0,28610,1,3.1659998893737793
2026-07-02T11:16:36+00:00,,,426.5,3.167,20.0,158,90,218,204.0,87.0,8.2,1060.0,28828,1,3.1659998893737793
2026-07-02T11:16:37+00:00,,,430.0,3.167,20.0,158,90,218,205.0,88.0,8.3,1060.0,29046,1,3.1659998893737793
2026-07-02T11:16:38+00:00,,,433.0,3.181,20.0,158,90,218,205.0,88.0,8.3,1060.0,29264,1,3.180000066757202
2026-07-02T11:16:39+00:00,,,436.0,3.194,20.0,158,90,218,205.0,88.0,8.3,1060.0,29482,1,3.194000005722046
2026-07-02T11:16:40+00:00,,,439.0,3.192,20.0,158,90,219,205.0,88.0,8.3,1060.0,29701,1,3.190999984741211
2026-07-02T11:16:41+00:00,,,442.0,3.192,20.0,158,90,220,206.0,88.0,8.3,1060.0,29921,1,3.190999984741211
2026-07-02T11:16:42+00:00,,,445.5,3.194,20.0,159,90,220,206.0,88.0,8.3,1060.0,30141,1,3.194000005722046
2026-07-02T11:16:43+00:00,,,449.0,3.197,20.0,159,90,220,207.0,88.0,8.3,1060.0,30361,1,3.197000026702881
2026-07-02T11:16:44+00:00,,,452.0,3.197,20.0,159,90,220,207.0,88.0,8.3,1060.0,30581,1,3.197000026702881
2026-07-02T11:16:45+00:00,,,455.0,3.2,20.0,159,90,220,208.0,88.0,8.3,1060.0,30801,1,3.200000047683716
2026-07-02T11:16:46+00:00,,,458.5,3.2,20.0,159,90,220,208.0,88.0,8.3,1060.0,31021,1,3.200000047683716
2026-07-02T11:16:47+00:00,,,462.0,3.2,20.0,158,90,220,209.0,88.0,8.3,1060.0,31241,1,3.200000047683716
2026-07-02T11:16:48+00:00,,,465.0,3.2,20.0,158,90,220,209.0,88.0,8.3,1060.0,31461,1,3.200000047683716
2026-07-02T11:16:49+00:00,,,468.0,3.2,20.0,158,90,220,209.0,88.0,8.3,1060.0,31681,1,3.200000047683716
2026-07-02T11:16:50+00:00,,,471.0,3.2,20.0,158,90,220,209.0,88.0,8.3,1060.0,31901,1,3.200000047683716
2026-07-02T11:16:51+00:00,,,474.0,3.2,20.0,158,90,220,209.0,89.0,8.4,1060.0,32121,1,3.200000047683716
2026-07-02T11:16:52+00:00,,,477.5,3.178,20.0,158,90,220,209.0,89.0,8.4,1060.0,32341,1,3.177000045776367
2026-07-02T11:16:53+00:00,,,481.0,3.158,20.0,159,89,220,209.0,89.0,8.4,1060.0,32561,1,3.1579999923706055
2026-07-02T11:16:54+00:00,,,484.0,3.147,20.0,159,89,219,209.0,89.0,8.4,1050.0,32780,1,3.1470000743865967
2026-07-02T11:16:55+00:00,,,487.0,3.136,20.0,159,89,218,209.0,90.0,8.5,1050.0,32998,1,3.135999917984009
2026-07-02T11:16:56+00:00,,,490.0,3.108,20.0,160,89,217,209.0,90.0,8.5,1050.0,33215,1,3.1080000400543213
2026-07-02T11:16:57+00:00,,,493.0,3.083,20.0,160,88,216,210.0,91.0,8.6,1050.0,33431,1,3.0829999446868896
2026-07-02T11:16:58+00:00,,,496.0,3.05,20.0,160,88,214,210.0,91.0,8.6,1040.0,33645,1,3.0490000247955322
2026-07-02T11:16:59+00:00,,,499.0,3.019,20.0,160,88,212,211.0,92.0,8.7,1040.0,33857,1,3.0190000534057617
2026-07-02T11:17:00+00:00,,,502.0,3.025,20.0,159,88,210,211.0,92.0,8.7,1030.0,34067,1,3.0250000953674316
2026-07-02T11:17:01+00:00,,,505.0,3.031,20.0,159,88,208,212.0,92.0,8.8,1030.0,34275,1,3.0299999713897705
2026-07-02T11:17:02+00:00,,,508.5,3.042,20.0,159,88,208,212.0,92.0,8.8,1030.0,34483,1,3.0409998893737793
2026-07-02T11:17:03+00:00,,,512.0,3.053,20.0,158,89,209,213.0,92.0,8.9,1030.0,34692,1,3.052000045776367
2026-07-02T11:17:04+00:00,,,515.0,3.083,20.0,158,89,209,213.0,92.0,8.9,1030.0,34901,1,3.0829999446868896
2026-07-02T11:17:05+00:00,,,518.0,3.114,20.0,158,90,210,214.0,93.0,8.9,1040.0,35111,1,3.11299991607666
2026-07-02T11:17:06+00:00,,,521.0,3.136,20.0,156,90,212,214.0,93.0,8.9,1040.0,35323,1,3.135999917984009
2026-07-02T11:17:07+00:00,,,524.0,3.158,20.0,156,90,214,214.0,93.0,9.0,1050.0,35537,1,3.1579999923706055
2026-07-02T11:17:08+00:00,,,527.0,3.161,20.0,155,90,216,214.0,93.0,9.0,1050.0,35753,1,3.1610000133514404
2026-07-02T11:17:09+00:00,,,530.0,3.164,20.0,154,90,218,214.0,93.0,9.0,1050.0,35971,1,3.1630001068115234
2026-07-02T11:17:10+00:00,,,533.5,3.15,19.0,153,89,218,214.0,93.0,8.9,1050.0,36189,1,3.1500000953674316
2026-07-02T11:17:11+00:00,,,537.0,3.136,19.0,153,89,218,214.0,93.0,8.9,1050.0,36407,1,3.135999917984009
2026-07-02T11:17:12+00:00,,,540.0,3.133,19.0,153,89,217,214.0,93.0,8.9,1050.0,36624,1,3.132999897003174
2026-07-02T11:17:13+00:00,,,543.0,3.133,19.0,153,89,216,214.0,93.0,8.9,1050.0,36840,1,3.132999897003174
2026-07-02T11:17:14+00:00,,,546.0,3.086,19.0,153,88,216,214.0,93.0,8.9,1040.0,37056,1,3.0859999656677246
2026-07-02T11:17:15+00:00,,,549.0,3.042,19.0,154,86,216,215.0,93.0,8.9,1040.0,37272,1,3.0409998893737793
2026-07-02T11:17:16+00:00,,,552.0,2.975,19.0,154,86,212,216.0,93.0,8.9,1030.0,37484,1,2.9749999046325684
2026-07-02T11:17:17+00:00,,,555.0,2.908,19.0,154,86,209,217.0,93.0,8.9,1020.0,37693,1,2.9079999923706055
2026-07-02T11:17:18+00:00,,,558.0,2.906,19.0,154,86,204,217.0,93.0,8.9,1010.0,37897,1,2.9049999713897705
2026-07-02T11:17:19+00:00,,,561.0,2.903,19.0,154,86,200,218.0,94.0,9.0,1010.0,38097,1,2.9019999504089355
2026-07-02T11:17:20+00:00,,,564.0,2.9,19.0,154,86,200,218.0,94.0,9.1,1010.0,38297,1,2.8989999294281006
2026-07-02T11:17:21+00:00,,,567.0,2.9,19.0,154,87,200,218.0,94.0,9.2,1010.0,38497,1,2.8989999294281006
2026-07-02T11:17:22+00:00,,,570.0,2.961,19.0,153,88,200,218.0,94.0,9.2,1020.0,38697,1,2.9609999656677246
2026-07-02T11:17:23+00:00,,,573.0,3.025,19.0,153,88,200,218.0,95.0,9.2,1030.0,38897,1,3.0250000953674316
2026-07-02T11:17:24+00:00,,,576.0,3.022,19.0,153,87,204,218.0,95.0,9.2,1030.0,39101,1,3.0220000743865967
2026-07-02T11:17:25+00:00,,,579.0,3.019,19.0,153,87,209,218.0,95.0,9.3,1030.0,39310,1,3.0190000534057617
2026-07-02T11:17:26+00:00,,,582.0,2.997,19.0,153,87,208,218.0,95.0,9.3,1030.0,39518,1,2.996999979019165
2026-07-02T11:17:27+00:00,,,585.0,2.975,19.0,153,87,208,219.0,96.0,9.4,1030.0,39726,1,2.9749999046325684
2026-07-02T11:17:28+00:00,,,588.0,2.994,19.0,153,87,206,219.0,96.0,9.4,1030.0,39932,1,2.99399995803833
2026-07-02T11:17:29+00:00,,,591.0,3.017,19.0,153,88,205,220.0,96.0,9.4,1030.0,40137,1,3.0160000324249268
2026-07-02T11:17:30+00:00,,,594.0,3.044,19.0,153,88,206,220.0,96.0,9.3,1030.0,40343,1,3.0439999103546143
2026-07-02T11:17:31+00:00,,,597.0,3.072,19.0,153,89,208,220.0,96.0,9.3,1040.0,40551,1,3.072000026702881
2026-07-02T11:17:32+00:00,,,600.0,3.097,19.0,153,89,209,219.0,96.0,9.3,1040.0,40760,1,3.0969998836517334
2026-07-02T11:17:33+00:00,,,603.0,3.122,19.0,153,89,211,219.0,96.0,9.3,1050.0,40971,1,3.121999979019165
2026-07-02T11:17:34+00:00,,,606.0,3.1,19.0,153,89,213,218.0,96.0,9.3,1040.0,41184,1,3.0989999771118164
2026-07-02T11:17:35+00:00,,,609.0,3.081,19.0,153,88,215,218.0,96.0,9.3,1040.0,41399,1,3.0799999237060547
2026-07-02T11:17:36+00:00,,,612.0,3.097,19.0,153,89,213,217.0,96.0,9.2,1040.0,41612,1,3.0969998836517334
2026-07-02T11:17:37+00:00,,,615.0,3.117,19.0,152,89,212,216.0,96.0,9.2,1040.0,41824,1,3.115999937057495
2026-07-02T11:17:38+00:00,,,618.0,3.147,19.0,152,90,213,215.0,96.0,9.2,1040.0,42037,1,3.1470000743865967
2026-07-02T11:17:39+00:00,,,621.0,3.181,19.0,152,90,215,214.0,96.0,9.2,1050.0,42252,1,3.180000066757202
2026-07-02T11:17:40+00:00,,,624.5,3.189,19.0,152,90,217,213.0,96.0,9.1,1050.0,42469,1,3.187999963760376
2026-07-02T11:17:41+00:00,,,628.0,3.197,19.0,152,90,219,212.0,96.0,9.1,1060.0,42688,1,3.197000026702881
2026-07-02T11:17:42+00:00,,,631.0,3.186,19.0,152,90,219,211.0,96.0,9.1,1060.0,42907,1,3.186000108718872
2026-07-02T11:17:43+00:00,,,634.0,3.178,19.0,152,90,220,210.0,96.0,9.1,1060.0,43127,1,3.177000045776367
2026-07-02T11:17:44+00:00,,,637.5,3.183,19.0,152,90,219,209.0,96.0,9.1,1060.0,43346,1,3.183000087738037
2026-07-02T11:17:45+00:00,,,641.0,3.189,19.0,152,90,219,209.0,96.0,9.1,1060.0,43565,1,3.187999963760376
2026-07-02T11:17:46+00:00,,,644.0,3.178,19.0,152,90,219,208.0,96.0,9.1,1060.0,43784,1,3.177000045776367
2026-07-02T11:17:47+00:00,,,647.0,3.169,19.0,152,90,220,207.0,96.0,9.1,1060.0,44004,1,3.1689999103546143
2026-07-02T11:17:48+00:00,,,650.0,3.167,19.0,152,90,219,206.0,96.0,9.1,1060.0,44223,1,3.1659998893737793
2026-07-02T11:17:49+00:00,,,653.0,3.167,19.0,152,90,218,206.0,96.0,9.1,1060.0,44441,1,3.1659998893737793
2026-07-02T11:17:50+00:00,,,656.5,3.181,19.0,152,90,218,205.0,96.0,9.1,1060.0,44659,1,3.180000066757202
2026-07-02T11:17:51+00:00,,,660.0,3.194,19.0,152,90,218,205.0,96.0,9.1,1060.0,44877,1,3.194000005722046
2026-07-02T11:17:52+00:00,,,663.0,3.192,19.0,152,90,219,205.0,96.0,9.0,1060.0,45096,1,3.190999984741211
2026-07-02T11:17:53+00:00,,,666.0,3.192,19.0,152,90,220,205.0,96.0,9.0,1060.0,45316,1,3.190999984741211
2026-07-02T11:17:54+00:00,,,669.0,3.181,19.0,152,90,220,204.0,95.0,9.0,1060.0,45536,1,3.180000066757202
2026-07-02T11:17:55+00:00,,,672.0,3.169,19.0,152,90,220,204.0,95.0,9.0,1060.0,45756,1,3.1689999103546143
2026-07-02T11:17:56+00:00,,,675.5,3.167,19.0,152,90,219,204.0,95.0,8.9,1060.0,45975,1,3.1659998893737793
2026-07-02T11:17:57+00:00,,,679.0,3.167,19.0,151,90,218,204.0,95.0,8.9,1060.0,46193,1,3.1659998893737793
2026-07-02T11:17:58+00:00,,,682.0,3.167,19.0,151,90,218,204.0,95.0,8.9,1060.0,46411,1,3.1659998893737793
2026-07-02T11:17:59+00:00,,,685.0,3.167,19.0,151,90,218,204.0,95.0,8.9,1060.0,46629,1,3.1659998893737793
2026-07-02T11:18:00+00:00,,,688.0,3.167,19.0,151,90,218,204.0,95.0,8.9,1060.0,46847,1,3.1659998893737793
2026-07-02T11:18:01+00:00,,,691.0,3.167,19.0,151,90,218,204.0,95.0,8.9,1060.0,47065,1,3.1659998893737793
2026-07-02T11:18:02+00:00,,,694.5,3.167,19.0,151,90,218,204.0,94.0,8.9,1060.0,47283,1,3.1659998893737793
2026-07-02T11:18:03+00:00,,,698.0,3.167,19.0,151,90,218,204.0,94.0,8.9,1060.0,47501,1,3.1659998893737793
2026-07-02T11:18:04+00:00,,,701.0,3.167,19.0,151,90,218,204.0,93.0,8.8,1060.0,47719,1,3.1659998893737793
2026-07-02T11:18:05+00:00,,,704.0,3.167,19.0,151,90,218,204.0,93.0,8.8,1060.0,47937,1,3.1659998893737793
2026-07-02T11:18:06+00:00,,,707.0,3.167,19.0,152,90,218,204.0,93.0,8.7,1060.0,48155,1,3.1659998893737793
2026-07-02T11:18:07+00:00,,,710.0,3.167,19.0,152,90,218,204.0,93.0,8.7,1060.0,48373,1,3.1659998893737793
2026-07-02T11:18:08+00:00,,,713.5,3.181,19.0,153,90,218,204.0,92.0,8.6,1060.0,48591,1,3.180000066757202
2026-07-02T11:18:09+00:00,,,717.0,3.194,19.0,153,90,218,204.0,92.0,8.6,1060.0,48809,1,3.194000005722046
2026-07-02T11:18:10+00:00,,,720.0,3.197,19.0,153,90,219,204.0,91.0,8.6,1060.0,49028,1,3.197000026702881
2026-07-02T11:18:11+00:00,,,723.0,3.2,19.0,153,90,220,204.0,91.0,8.6,1060.0,49248,1,3.200000047683716
2026-07-02T11:18:12+00:00,,,726.5,3.2,19.0,153,90,220,204.0,91.0,8.6,1060.0,49468,1,3.200000047683716
2026-07-02T11:18:13+00:00,,,730.0,3.2,19.0,154,90,220,205.0,91.0,8.6,1060.0,49688,1,3.200000047683716
2026-07-02T11:18:14+00:00,,,733.0,3.2,19.0,154,90,220,205.0,91.0,8.6,1060.0,49908,1,3.200000047683716
2026-07-02T11:18:15+00:00,,,736.0,3.2,19.0,154,90,220,205.0,91.0,8.6,1060.0,50128,1,3.200000047683716
2026-07-02T11:18:16+00:00,,,739.0,3.186,19.0,154,90,220,205.0,91.0,8.6,1060.0,50348,1,3.186000108718872
2026-07-02T11:18:17+00:00,,,742.0,3.172,19.0,154,90,220,206.0,91.0,8.6,1060.0,50568,1,3.171999931335449
2026-07-02T11:18:18+00:00,,,745.5,3.158,19.0,154,89,219,206.0,90.0,8.5,1050.0,50787,1,3.1579999923706055
2026-07-02T11:18:19+00:00,,,749.0,3.147,19.0,154,89,218,206.0,90.0,8.5,1050.0,51005,1,3.1470000743865967
2026-07-02T11:18:20+00:00,,,752.0,3.144,19.0,154,89,217,206.0,90.0,8.5,1050.0,51222,1,3.1440000534057617
2026-07-02T11:18:21+00:00,,,755.0,3.142,19.0,155,89,217,206.0,90.0,8.5,1050.0,51439,1,3.1410000324249268
2026-07-02T11:18:22+00:00,,,758.0,3.122,19.0,155,89,216,206.0,90.0,8.5,1050.0,51655,1,3.121999979019165
2026-07-02T11:18:23+00:00,,,761.0,3.106,19.0,155,89,216,206.0,91.0,8.6,1050.0,51871,1,3.1050000190734863
2026-07-02T11:18:24+00:00,,,764.0,3.117,19.0,155,89,215,206.0,91.0,8.6,1050.0,52086,1,3.115999937057495
2026-07-02T11:18:25+00:00,,,767.0,3.128,19.0,156,89,214,207.0,91.0,8.6,1050.0,52300,1,3.127000093460083
2026-07-02T11:18:26+00:00,,,770.5,3.128,19.0,156,89,215,207.0,91.0,8.6,1050.0,52515,1,3.127000093460083
2026-07-02T11:18:27+00:00,,,774.0,3.131,19.0,156,89,216,207.0,91.0,8.6,1050.0,52731,1,3.130000114440918
2026-07-02T11:18:28+00:00,,,777.0,3.131,19.0,156,89,216,207.0,91.0,8.6,1050.0,52947,1,3.130000114440918
2026-07-02T11:18:29+00:00,,,780.0,3.133,19.0,155,89,216,208.0,91.0,8.7,1050.0,53163,1,3.132999897003174
2026-07-02T11:18:30+00:00,,,783.0,3.147,19.0,155,89,216,208.0,91.0,8.7,1050.0,53379,1,3.1470000743865967
2026-07-02T11:18:31+00:00,,,786.0,3.161,19.0,155,90,216,208.0,91.0,8.7,1050.0,53595,1,3.1610000133514404
2026-07-02T11:18:32+00:00,,,789.5,3.161,19.0,155,90,217,208.0,91.0,8.6,1050.0,53812,1,3.1610000133514404
2026-07-02T11:18:33+00:00,,,793.0,3.164,19.0,155,90,218,209.0,91.0,8.6,1060.0,54030,1,3.1630001068115234
2026-07-02T11:18:34+00:00,,,796.0,3.164,19.0,156,90,218,209.0,90.0,8.5,1060.0,54248,1,3.1630001068115234
2026-07-02T11:18:35+00:00,,,799.0,3.167,19.0,155,90,218,209.0,90.0,8.5,1060.0,54466,1,3.1659998893737793
2026-07-02T11:18:36+00:00,,,802.0,3.181,19.0,155,90,218,209.0,90.0,8.5,1060.0,54684,1,3.180000066757202
2026-07-02T11:18:37+00:00,,,805.0,3.194,19.0,155,90,218,209.0,90.0,8.5,1060.0,54902,1,3.194000005722046
2026-07-02T11:18:38+00:00,,,808.5,3.181,19.0,155,90,219,209.0,90.0,8.5,1060.0,55121,1,3.180000066757202
2026-07-02T11:18:39+00:00,,,812.0,3.169,20.0,155,90,220,209.0,90.0,8.5,1060.0,55341,1,3.1689999103546143
2026-07-02T11:18:40+00:00,,,815.0,3.167,20.0,155,90,219,209.0,90.0,8.5,1060.0,55560,1,3.1659998893737793
2026-07-02T11:18:41+00:00,,,818.0,3.167,20.0,155,90,218,210.0,90.0,8.5,1060.0,55778,1,3.1659998893737793
2026-07-02T11:18:42+00:00,,,821.0,3.167,20.0,155,90,218,209.0,89.0,8.4,1060.0,55996,1,3.1659998893737793
2026-07-02T11:18:43+00:00,,,824.0,3.167,20.0,155,90,218,209.0,89.0,8.4,1060.0,56214,1,3.1659998893737793
2026-07-02T11:18:44+00:00,,,827.5,3.15,20.0,155,89,218,209.0,89.0,8.4,1050.0,56432,1,3.1519999504089355
2026-07-02T11:18:45+00:00,,,831.0,3.136,20.0,155,89,218,210.0,89.0,8.4,1050.0,56650,1,3.138000011444092
2026-07-02T11:18:46+00:00,,,834.0,3.119,20.0,154,89,217,210.0,89.0,8.4,1050.0,56867,1,3.125
2026-07-02T11:18:47+00:00,,,837.0,3.106,20.0,154,89,216,210.0,89.0,8.4,1050.0,57083,1,3.1110000610351562
2026-07-02T11:18:48+00:00,,,840.0,3.103,20.0,154,89,215,210.0,89.0,8.4,1040.0,57298,1,3.1630001068115234
2026-07-02T11:18:49+00:00,,,843.0,3.1,20.0,155,89,214,211.0,89.0,8.5,1040.0,57512,1,3.2160000801086426
2026-07-02T11:18:50+00:00,,,846.0,3.108,20.0,155,89,219,211.0,89.0,8.5,1040.0,57731,1,3.2269999980926514
2026-07-02T11:18:51+00:00,,,849.0,3.119,20.0,154,89,224,211.0,90.0,8.5,1050.0,57955,1,3.23799991607666
2026-07-02T11:18:52+00:00,,,852.0,3.125,20.0,154,89,224,211.0,90.0,8.5,1050.0,58179,1,3.183000087738037
2026-07-02T11:18:53+00:00,,,855.0,3.131,20.0,154,89,225,211.0,90.0,8.6,1050.0,58404,1,3.130000114440918
2026-07-02T11:18:54+00:00,,,858.5,3.131,20.0,154,89,225,210.0,90.0,8.6,1050.0,58629,1,3.130000114440918
2026-07-02T11:18:55+00:00,,,862.0,3.131,20.0,155,89,226,210.0,91.0,8.7,1050.0,58855,1,3.130000114440918
2026-07-02T11:18:56+00:00,,,865.0,3.131,20.0,155,89,221,210.0,91.0,8.7,1050.0,59076,1,3.130000114440918
2026-07-02T11:18:57+00:00,,,868.0,3.133,20.0,154,89,216,211.0,92.0,8.7,1050.0,59292,1,3.132999897003174
2026-07-02T11:18:58+00:00,,,871.0,3.128,20.0,154,89,216,210.0,92.0,8.7,1050.0,59508,1,3.127000093460083
2026-07-02T11:18:59+00:00,,,874.0,3.125,20.0,154,89,216,210.0,92.0,8.8,1050.0,59724,1,3.125
2026-07-02T11:19:00+00:00,,,877.5,3.128,20.0,154,89,216,210.0,92.0,8.8,1050.0,59940,1,3.127000093460083
2026-07-02T11:19:01+00:00,,,881.0,3.131,20.0,154,89,216,210.0,93.0,8.8,1050.0,60156,1,3.130000114440918
2026-07-02T11:19:02+00:00,,,884.0,3.142,20.0,154,89,216,210.0,93.0,8.8,1050.0,60372,1,3.1410000324249268
2026-07-02T11:19:03+00:00,,,887.0,3.153,20.0,154,90,216,211.0,93.0,8.9,1050.0,60588,1,3.1519999504089355
2026-07-02T11:19:04+00:00,,,890.0,3.158,20.0,154,90,216,211.0,93.0,8.9,1050.0,60804,1,3.1579999923706055
2026-07-02T11:19:05+00:00,,,893.0,3.164,20.0,154,90,217,211.0,93.0,8.9,1050.0,61021,1,3.1630001068115234
2026-07-02T11:19:06+00:00,,,896.0,3.164,20.0,154,90,217,210.0,93.0,8.9,1050.0,61238,1,3.1630001068115234
2026-07-02T11:19:07+00:00,,,899.0,3.167,20.0,154,90,218,210.0,93.0,8.9,1060.0,61456,1,3.1659998893737793
2026-07-02T11:19:08+00:00,,,902.5,3.156,20.0,155,89,218,210.0,93.0,8.9,1050.0,61674,1,3.1549999713897705
2026-07-02T11:19:09+00:00,,,906.0,3.144,20.0,155,89,218,210.0,93.0,8.9,1050.0,61892,1,3.1440000534057617
2026-07-02T11:19:10+00:00,,,909.0,3.133,20.0,155,89,217,210.0,93.0,8.9,1050.0,62109,1,3.132999897003174
2026-07-02T11:19:11+00:00,,,912.0,3.125,20.0,155,89,216,210.0,93.0,8.9,1050.0,62325,1,3.125
2026-07-02T11:19:12+00:00,,,915.0,3.114,20.0,155,89,216,210.0,93.0,8.9,1050.0,62541,1,3.11299991607666
2026-07-02T11:19:13+00:00,,,918.0,3.103,20.0,155,89,216,210.0,93.0,8.9,1050.0,62757,1,3.1019999980926514
2026-07-02T11:19:14+00:00,,,921.0,3.097,20.0,155,89,215,210.0,93.0,8.9,1040.0,62972,1,3.0969998836517334
2026-07-02T11:19:15+00:00,,,924.0,3.092,20.0,155,89,214,211.0,93.0,8.9,1040.0,63186,1,3.0910000801086426
2026-07-02T11:19:16+00:00,,,927.5,3.089,20.0,154,89,213,211.0,93.0,8.9,1040.0,63399,1,3.0880000591278076
2026-07-02T11:19:17+00:00,,,931.0,3.089,20.0,154,89,213,212.0,93.0,8.9,1040.0,63612,1,3.0880000591278076
2026-07-02T11:19:18+00:00,,,934.0,3.106,20.0,154,89,213,212.0,93.0,8.9,1040.0,63825,1,3.1050000190734863
2026-07-02T11:19:19+00:00,,,937.0,3.125,20.0,154,89,213,212.0,93.0,8.9,1050.0,64038,1,3.125
2026-07-02T11:19:20+00:00,,,940.0,3.128,20.0,155,89,214,212.0,92.0,8.8,1050.0,64252,1,3.127000093460083
2026-07-02T11:19:21+00:00,,,943.0,3.131,20.0,155,89,216,213.0,92.0,8.8,1050.0,64468,1,3.130000114440918
2026-07-02T11:19:22+00:00,,,946.0,3.131,20.0,154,89,216,213.0,92.0,8.8,1050.0,64684,1,3.130000114440918
2026-07-02T11:19:23+00:00,,,949.0,3.133,20.0,154,89,216,213.0,93.0,8.8,1050.0,64900,1,3.132999897003174
2026-07-02T11:19:24+00:00,,,952.5,3.136,20.0,154,89,216,213.0,92.0,8.8,1050.0,65116,1,3.135999917984009
2026-07-02T11:19:25+00:00,,,956.0,3.139,20.0,154,89,216,213.0,92.0,8.8,1050.0,65332,1,3.138000011444092
2026-07-02T11:19:26+00:00,,,959.0,3.136,20.0,154,89,216,213.0,92.0,8.8,1050.0,65548,1,3.135999917984009
2026-07-02T11:19:27+00:00,,,962.0,3.133,20.0,154,89,216,213.0,92.0,8.8,1050.0,65764,1,3.132999897003174
2026-07-02T11:19:28+00:00,,,965.0,3.142,20.0,154,89,216,213.0,92.0,8.8,1050.0,65980,1,3.1410000324249268
2026-07-02T11:19:29+00:00,,,968.0,3.153,20.0,154,90,216,213.0,92.0,8.8,1050.0,66196,1,3.1519999504089355
2026-07-02T11:19:30+00:00,,,971.0,3.147,19.0,154,89,216,213.0,92.0,8.8,1050.0,66412,1,3.1470000743865967
2026-07-02T11:19:31+00:00,,,974.0,3.144,19.0,153,89,217,213.0,92.0,8.8,1050.0,66629,1,3.1440000534057617
2026-07-02T11:19:32+00:00,,,977.5,3.15,19.0,152,89,216,212.0,92.0,8.7,1050.0,66845,1,3.1500000953674316
2026-07-02T11:19:33+00:00,,,981.0,3.156,19.0,151,90,216,212.0,92.0,8.7,1050.0,67061,1,3.1549999713897705
2026-07-02T11:19:34+00:00,,,984.0,3.144,19.0,151,89,217,212.0,91.0,8.7,1050.0,67278,1,3.1440000534057617
2026-07-02T11:19:35+00:00,,,987.0,3.136,19.0,151,89,218,212.0,91.0,8.7,1050.0,67496,1,3.135999917984009
2026-07-02T11:19:36+00:00,,,990.0,3.144,19.0,151,89,217,211.0,91.0,8.7,1050.0,67713,1,3.1440000534057617
2026-07-02T11:19:37+00:00,,,993.0,3.153,19.0,150,90,216,211.0,91.0,8.7,1050.0,67929,1,3.1519999504089355
2026-07-02T11:19:38+00:00,,,996.5,3.133,19.0,150,89,216,211.0,91.0,8.7,1050.0,68145,1,3.132999897003174
2026-07-02T11:19:39+00:00,,,1000.0,3.114,19.0,150,89,217,211.0,91.0,8.7,1050.0,68362,1,3.11299991607666
2026-07-02T11:19:40+00:00,,,1003.0,3.083,19.0,151,88,215,211.0,91.0,8.7,1040.0,68577,1,3.0829999446868896
2026-07-02T11:19:41+00:00,,,1006.0,3.053,19.0,151,88,214,211.0,92.0,8.8,1040.0,68791,1,3.052000045776367
2026-07-02T11:19:42+00:00,,,1009.0,3.019,19.0,151,87,212,211.0,92.0,8.8,1030.0,69003,1,3.0190000534057617
2026-07-02T11:19:43+00:00,,,1012.0,2.986,19.0,151,87,210,212.0,92.0,8.8,1030.0,69213,1,2.98799991607666
2026-07-02T11:19:44+00:00,,,1015.0,2.953,19.0,152,86,208,213.0,92.0,8.9,1020.0,69421,1,2.9019999504089355
2026-07-02T11:19:45+00:00,,,1018.0,2.922,19.0,152,86,206,214.0,93.0,9.0,1020.0,69627,1,2.819000005722046
2026-07-02T11:19:46+00:00,,,1021.0,2.933,19.0,152,86,199,215.0,93.0,9.0,1020.0,69826,1,2.8269999027252197
2026-07-02T11:19:47+00:00,,,1024.0,2.944,19.0,152,87,192,216.0,94.0,9.1,1020.0,70018,1,2.8380000591278076
2026-07-02T11:19:48+00:00,,,1027.0,3.008,19.0,151,88,193,216.0,94.0,9.1,1030.0,70211,1,2.9049999713897705
2026-07-02T11:19:49+00:00,,,1030.0,3.075,19.0,151,89,194,216.0,94.0,9.1,1040.0,70405,1,2.9749999046325684
2026-07-02T11:19:50+00:00,,,1033.0,3.128,19.0,150,89,198,216.0,94.0,9.1,1040.0,70603,1,3.0220000743865967
2026-07-02T11:19:51+00:00,,,1036.0,3.181,19.0,150,90,203,216.0,94.0,9.1,1050.0,70806,1,3.069000005722046
2026-07-02T11:19:52+00:00,,,1039.0,3.228,19.0,150,91,206,215.0,94.0,9.1,1060.0,71012,1,3.171999931335449
2026-07-02T11:19:53+00:00,,,1042.0,3.278,19.0,150,92,209,215.0,94.0,9.1,1070.0,71221,1,3.2769999504089355
2026-07-02T11:19:54+00:00,,,1045.5,3.247,19.0,150,91,212,214.0,94.0,9.0,1070.0,71433,1,3.246999979019165
2026-07-02T11:19:55+00:00,,,1049.0,3.219,18.0,150,90,216,214.0,95.0,9.0,1070.0,71649,1,3.2190001010894775
2026-07-02T11:19:56+00:00,,,1052.0,3.197,18.0,150,90,219,214.0,95.0,9.0,1060.0,71868,1,3.197000026702881
2026-07-02T11:19:57+00:00,,,1055.0,3.175,18.0,150,90,222,214.0,95.0,9.0,1060.0,72090,1,3.174999952316284
2026-07-02T11:19:58+00:00,,,1058.5,3.169,18.0,150,90,220,214.0,94.0,8.9,1060.0,72310,1,3.1689999103546143
2026-07-02T11:19:59+00:00,,,1062.0,3.167,18.0,150,90,219,214.0,94.0,8.9,1060.0,72529,1,3.1659998893737793
2026-07-02T11:20:00+00:00,,,1065.0,3.156,18.0,150,89,218,213.0,93.0,8.8,1050.0,72747,1,3.1549999713897705
2026-07-02T11:20:01+00:00,,,1068.0,3.144,18.0,150,89,218,213.0,93.0,8.8,1050.0,72965,1,3.1440000534057617
2026-07-02T11:20:02+00:00,,,1071.0,3.125,18.0,150,89,217,213.0,92.0,8.7,1050.0,73182,1,3.125
2026-07-02T11:20:03+00:00,,,1074.0,3.106,18.0,150,89,216,213.0,92.0,8.7,1050.0,73398,1,3.1050000190734863
2026-07-02T11:20:04+00:00,,,1077.0,3.103,18.0,150,89,215,212.0,91.0,8.6,1040.0,73613,1,3.046999931335449
2026-07-02T11:20:05+00:00,,,1080.0,3.1,17.0,150,89,214,212.0,91.0,8.6,1040.0,73827,1,2.990999937057495
2026-07-02T11:20:06+00:00,,,1083.5,3.1,17.0,150,89,209,211.0,90.0,8.6,1040.0,74036,1,2.990999937057495
2026-07-02T11:20:07+00:00,,,1087.0,3.1,17.0,150,89,204,211.0,90.0,8.6,1040.0,74240,1,2.990999937057495
2026-07-02T11:20:08+00:00,,,1090.0,3.114,17.0,150,89,204,211.0,90.0,8.5,1040.0,74444,1,3.005000114440918
2026-07-02T11:20:09+00:00,,,1093.0,3.128,17.0,150,89,204,211.0,90.0,8.5,1050.0,74648,1,3.0220000743865967
2026-07-02T11:20:10+00:00,,,1096.0,3.119,17.0,150,89,205,211.0,89.0,8.5,1050.0,74853,1,3.010999917984009
2026-07-02T11:20:11+00:00,,,1099.0,3.111,17.0,150,89,206,212.0,89.0,8.5,1050.0,75059,1,3.002000093460083
2026-07-02T11:20:12+00:00,,,1102.0,3.106,17.0,150,89,205,213.0,89.0,8.5,1050.0,75264,1,2.996999979019165
2026-07-02T11:20:13+00:00,,,1105.0,3.1,17.0,150,89,205,214.0,89.0,8.5,1050.0,75469,1,2.990999937057495
2026-07-02T11:20:14+00:00,,,1108.0,3.1,17.0,151,89,204,214.0,88.0,8.5,1040.0,75673,1,2.944000005722046
2026-07-02T11:20:15+00:00,,,1111.0,3.1,17.0,151,89,204,215.0,88.0,8.5,1040.0,75877,1,2.8970000743865967
2026-07-02T11:20:16+00:00,,,1114.5,3.128,17.0,150,89,199,215.0,88.0,8.4,1040.0,76076,1,2.9240000247955322
2026-07-02T11:20:17+00:00,,,1118.0,3.156,17.0,150,90,195,215.0,88.0,8.4,1050.0,76271,1,2.9519999027252197
2026-07-02T11:20:18+00:00,,,1121.0,3.158,17.0,150,90,197,215.0,88.0,8.4,1050.0,76468,1,2.9519999027252197
2026-07-02T11:20:19+00:00,,,1124.0,3.164,17.0,151,90,199,215.0,88.0,8.4,1050.0,76667,1,2.9519999027252197
2026-07-02T11:20:20+00:00,,,1127.0,3.15,17.0,151,89,199,215.0,88.0,8.4,1050.0,76866,1,2.940999984741211
2026-07-02T11:20:21+00:00,,,1130.0,3.136,17.0,151,89,199,215.0,89.0,8.5,1050.0,77065,1,2.933000087738037
2026-07-02T11:20:22+00:00,,,1133.5,3.133,17.0,151,89,198,214.0,88.0,8.4,1050.0,77263,1,2.927000045776367
2026-07-02T11:20:23+00:00,,,1137.0,3.133,17.0,151,89,198,214.0,88.0,8.4,1050.0,77461,1,2.9240000247955322
2026-07-02T11:20:24+00:00,,,1140.0,3.133,17.0,151,89,197,213.0,88.0,8.4,1050.0,77658,1,2.9719998836517334
2026-07-02T11:20:25+00:00,,,1143.0,3.133,17.0,151,89,197,213.0,88.0,8.4,1050.0,77855,1,3.0220000743865967
2026-07-02T11:20:26+00:00,,,1146.0,3.133,17.0,151,89,201,212.0,87.0,8.3,1050.0,78056,1,3.0769999027252197
2026-07-02T11:20:27+00:00,,,1149.0,3.133,17.0,151,89,206,212.0,87.0,8.3,1050.0,78262,1,3.132999897003174
2026-07-02T11:20:28+00:00,,,1152.0,3.117,17.0,151,89,206,211.0,87.0,8.3,1050.0,78468,1,3.115999937057495
2026-07-02T11:20:29+00:00,,,1155.0,3.103,17.0,152,89,206,211.0,87.0,8.3,1050.0,78674,1,3.1019999980926514
2026-07-02T11:20:30+00:00,,,1156.5,3.1,17.0,152,89,210,211.0,87.0,8.3,1050.0,78884,1,3.0989999771118164
2026-07-02T11:20:31+00:00,,,1158.0,3.1,17.0,152,89,214,211.0,87.0,8.3,1050.0,79098,1,3.0989999771118164
2026-07-02T11:20:32+00:00,,,1163.0,3.108,17.0,152,89,214,210.0,87.0,8.3,1050.0,79312,1,3.1080000400543213
2026-07-02T11:20:33+00:00,,,1168.0,3.119,17.0,152,89,214,210.0,87.0,8.3,1050.0,79526,1,3.11899995803833
2026-07-02T11:20:34+00:00,,,1169.5,3.125,17.0,152,89,214,209.0,86.0,8.2,1040.0,79740,1,3.125
2026-07-02T11:20:35+00:00,,,1171.0,3.131,16.0,153,90,215,209.0,86.0,8.2,1040.0,79955,1,3.130000114440918
2026-07-02T11:20:36+00:00,,,1171.0,3.131,16.0,153,90,215,209.0,86.0,8.2,1040.0,80170,1,3.130000114440918
2026-07-02T11:20:37+00:00,37.48848714865744,126.91507679410279,1171.0,3.131,16.0,153,90,216,209.0,86.0,8.2,1040.0,80386,1,3.130000114440918
2026-07-02T11:20:38+00:00,37.48847683891654,126.9150432664901,1184.0,3.222,16.0,152,90,216,209.0,86.0,8.1,1070.0,80602,1,3.2219998836517334
2026-07-02T11:20:39+00:00,37.48846652917564,126.91500973887742,1197.0,3.317,16.0,152,90,216,209.0,86.0,8.1,1110.0,80818,1,3.315999984741211
2026-07-02T11:20:40+00:00,37.48845923691988,126.91494972445071,1199.5,3.367,16.0,152,89,222,208.0,85.0,8.0,1130.0,81040,1,3.365999937057495
2026-07-02T11:20:41+00:00,37.48845202848315,126.914889710024,1202.0,3.419,16.0,152,89,229,208.0,85.0,8.0,1150.0,81269,1,3.4189999103546143
2026-07-02T11:20:42+00:00,37.48844054527581,126.91482961177826,1210.0,3.392,16.0,152,89,232,207.0,85.0,7.9,1140.0,81501,1,3.3910000324249268
2026-07-02T11:20:43+00:00,37.48842906206846,126.91476959735155,1218.0,3.367,16.0,152,89,236,207.0,86.0,7.9,1130.0,81737,1,3.365999937057495
2026-07-02T11:20:44+00:00,37.488413974642754,126.91471360623837,1220.5,3.372,16.0,152,89,234,206.0,86.0,7.8,1130.0,81971,1,3.371999979019165
2026-07-02T11:20:45+00:00,37.48839897103608,126.91465761512518,1223.0,3.381,16.0,152,89,232,206.0,86.0,7.8,1140.0,82203,1,3.380000114440918
2026-07-02T11:20:46+00:00,37.48838463798165,126.91460061818361,1223.0,3.383,16.0,152,88,232,205.0,86.0,7.7,1140.0,82435,1,3.382999897003174
2026-07-02T11:20:47+00:00,37.48837047256529,126.91454370506108,1223.0,3.386,16.0,152,88,233,205.0,86.0,7.7,1150.0,82668,1,3.385999917984009
2026-07-02T11:20:48+00:00,37.48836460523307,126.91448109224439,1234.0,3.364,16.0,152,88,233,204.0,86.0,7.6,1140.0,82901,1,3.36299991607666
2026-07-02T11:20:49+00:00,37.48835865408182,126.91441864706576,1245.0,3.342,16.0,152,88,234,204.0,87.0,7.6,1130.0,83135,1,3.3410000801086426
2026-07-02T11:20:50+00:00,37.48835957609117,126.9143696129322,1248.5,3.336,16.0,152,88,232,204.0,87.0,7.6,1120.0,83367,1,3.3359999656677246
2026-07-02T11:20:51+00:00,37.48836049810052,126.91432066261768,1252.0,3.331,16.0,152,89,230,204.0,87.0,7.7,1120.0,83597,1,3.3299999237060547
2026-07-02T11:20:52+00:00,37.48836007900536,126.91428110003471,1255.0,3.319,16.0,152,89,229,203.0,87.0,7.7,1110.0,83826,1,3.319000005722046
2026-07-02T11:20:53+00:00,37.488359743729234,126.91424170508981,1258.0,3.311,16.0,152,90,229,202.0,88.0,7.8,1100.0,84055,1,3.311000108718872
2026-07-02T11:20:54+00:00,37.48835655860603,126.91420675255358,1261.0,3.297,16.0,152,90,228,202.0,88.0,7.8,1090.0,84283,1,3.296999931335449
2026-07-02T11:20:55+00:00,37.48835337348282,126.91417171619833,1264.0,3.283,16.0,152,90,228,202.0,89.0,7.9,1090.0,84511,1,3.2829999923706055
2026-07-02T11:20:56+00:00,37.488348595798016,126.9141399487853,1266.5,3.261,16.0,152,90,227,201.0,89.0,8.0,1080.0,84738,1,3.260999917984009
2026-07-02T11:20:57+00:00,37.488343734294176,126.91410826519132,1269.0,3.242,16.0,152,90,226,201.0,90.0,8.1,1070.0,84964,1,3.240999937057495
2026-07-02T11:20:58+00:00,37.48833015561104,126.9140625,1270.5,3.225,16.0,152,90,224,200.0,90.0,8.2,1060.0,85188,1,3.2239999771118164
2026-07-02T11:20:59+00:00,37.4883165769279,126.91401690244675,1272.0,3.211,16.0,153,90,223,200.0,91.0,8.3,1060.0,85411,1,3.2109999656677246
2026-07-02T11:21:00+00:00,37.488303082063794,126.9139713048935,1272.0,3.208,16.0,153,90,222,200.0,91.0,8.3,1060.0,85633,1,3.2079999446868896
2026-07-02T11:21:01+00:00,,,1272.0,3.208,16.0,154,90,221,201.0,91.0,8.4,1060.0,85854,1,3.2079999446868896
2026-07-02T11:21:02+00:00,,,1280.0,3.244,16.0,154,90,221,201.0,91.0,8.4,1070.0,86075,1,3.24399995803833
2026-07-02T11:21:03+00:00,,,1288.0,3.281,16.0,154,90,221,201.0,91.0,8.5,1090.0,86296,1,3.2799999713897705
2026-07-02T11:21:04+00:00,,,1291.0,3.3,16.0,154,90,223,201.0,91.0,8.5,1100.0,86519,1,3.299999952316284
2026-07-02T11:21:05+00:00,,,1294.0,3.319,16.0,154,90,226,202.0,92.0,8.5,1110.0,86745,1,3.319000005722046
2026-07-02T11:21:06+00:00,37.488291850313544,126.91390777006745,1297.5,3.297,16.0,154,89,227,202.0,92.0,8.5,1100.0,86972,1,3.296999931335449
2026-07-02T11:21:07+00:00,37.48827936127782,126.91388195380569,1301.0,3.275,16.0,154,89,229,202.0,92.0,8.5,1100.0,87201,1,3.2739999294281006
2026-07-02T11:21:08+00:00,37.48826687224209,126.91385613754392,1304.5,3.253,16.0,154,88,227,202.0,92.0,8.5,1100.0,87428,1,3.252000093460083
2026-07-02T11:21:09+00:00,37.48826033435762,126.9138241186738,1308.0,3.231,16.0,154,88,226,203.0,92.0,8.5,1100.0,87654,1,3.2300000190734863
2026-07-02T11:21:10+00:00,37.48825388029218,126.91379226744175,1311.0,3.203,16.0,154,88,224,203.0,92.0,8.5,1090.0,87878,1,3.2019999027252197
2026-07-02T11:21:11+00:00,37.488240636885166,126.91376619972289,1314.0,3.178,16.0,153,87,222,204.0,93.0,8.5,1090.0,88100,1,3.177000045776367
2026-07-02T11:21:12+00:00,37.48822747729719,126.91374021582305,1317.0,3.192,16.0,153,88,220,205.0,93.0,8.5,1090.0,88320,1,3.190999984741211
2026-07-02T11:21:13+00:00,37.48821339569986,126.91371481865644,1320.0,3.208,16.0,153,88,219,206.0,94.0,8.5,1090.0,88539,1,3.2079999446868896
2026-07-02T11:21:14+00:00,37.48819939792156,126.91368950530887,1323.5,3.214,17.0,153,88,220,206.0,94.0,8.5,1090.0,88759,1,3.2739999294281006
2026-07-02T11:21:15+00:00,37.48818447813392,126.91366595216095,1327.0,3.222,17.0,153,88,221,206.0,94.0,8.6,1090.0,88980,1,3.3410000801086426
2026-07-02T11:21:16+00:00,37.4881696421653,126.91364231519401,1330.0,3.233,17.0,154,88,226,206.0,94.0,8.6,1090.0,89206,1,3.3499999046325684
2026-07-02T11:21:17+00:00,37.488155057653785,126.91361842676997,1333.0,3.244,17.0,154,89,232,207.0,95.0,8.7,1090.0,89438,1,3.3610000610351562
2026-07-02T11:21:18+00:00,37.4881405569613,126.91359453834593,1336.5,3.25,17.0,154,89,233,207.0,95.0,8.7,1090.0,89671,1,3.371999979019165
2026-07-02T11:21:19+00:00,37.488125804811716,126.91357106901705,1340.0,3.256,17.0,153,89,234,207.0,95.0,8.7,1100.0,89905,1,3.382999897003174
2026-07-02T11:21:20+00:00,37.488111052662134,126.91354759968817,1343.0,3.244,17.0,153,88,234,207.0,95.0,8.7,1100.0,90139,1,3.371999979019165
2026-07-02T11:21:21+00:00,37.48809856362641,126.91352102905512,1346.0,3.236,17.0,153,88,235,208.0,96.0,8.8,1100.0,90374,1,3.3610000610351562
2026-07-02T11:21:22+00:00,37.488086158409715,126.91349445842206,1349.5,3.242,17.0,152,88,234,208.0,96.0,8.8,1090.0,90608,1,3.365999937057495
2026-07-02T11:21:23+00:00,37.48807274736464,126.91346772015095,1353.0,3.247,17.0,152,89,234,208.0,97.0,8.9,1090.0,90842,1,3.371999979019165
2026-07-02T11:21:24+00:00,37.488059336319566,126.9134411495179,1356.0,3.267,17.0,152,89,234,208.0,97.0,8.9,1090.0,91076,1,3.3269999027252197
2026-07-02T11:21:25+00:00,37.48804525472224,126.91341483034194,1359.0,3.286,16.0,152,89,234,208.0,97.0,8.9,1100.0,91310,1,3.2860000133514404
2026-07-02T11:21:26+00:00,37.48803125694394,126.91338851116598,1362.5,3.289,16.0,153,89,230,208.0,97.0,8.9,1100.0,91540,1,3.2880001068115234
2026-07-02T11:21:27+00:00,37.48801549896598,126.91336554475129,1366.0,3.292,16.0,153,89,227,208.0,98.0,8.9,1100.0,91767,1,3.2909998893737793
2026-07-02T11:21:28+00:00,37.487999740988016,126.91334249451756,1369.0,3.244,16.0,153,88,227,208.0,98.0,8.9,1100.0,91994,1,3.24399995803833
2026-07-02T11:21:29+00:00,37.48799496330321,126.91331022419035,1372.0,3.2,16.0,152,87,227,208.0,98.0,8.9,1100.0,92221,1,3.200000047683716
2026-07-02T11:21:30+00:00,37.4879901856184,126.91327803768218,1375.5,3.131,16.0,152,86,223,208.0,98.0,8.9,1080.0,92444,1,3.130000114440918
2026-07-02T11:21:31+00:00,37.48797878623009,126.91325079649687,1379.0,3.061,16.0,152,85,220,209.0,98.0,9.0,1070.0,92664,1,3.061000108718872
2026-07-02T11:21:32+00:00,37.487967470660806,126.91322363913059,1382.0,3.047,16.0,153,85,215,209.0,98.0,9.0,1060.0,92879,1,3.046999931335449
2026-07-02T11:21:33+00:00,37.4879661295563,126.91319254226983,1385.0,3.033,16.0,153,85,211,210.0,98.0,9.0,1060.0,93090,1,3.0329999923706055
2026-07-02T11:21:34+00:00,37.48796487227082,126.91316152922809,1388.0,3.044,16.0,153,85,210,211.0,98.0,9.0,1060.0,93300,1,3.0439999103546143
2026-07-02T11:21:35+00:00,37.487950874492526,126.91313965246081,1391.0,3.056,16.0,153,86,209,212.0,98.0,9.1,1070.0,93509,1,3.055000066757202
2026-07-02T11:21:36+00:00,37.48793687671423,126.91311785951257,1394.0,3.106,16.0,153,87,210,212.0,98.0,9.1,1070.0,93719,1,3.1050000190734863
2026-07-02T11:21:37+00:00,37.48793159611523,126.91308776848018,1397.0,3.156,16.0,153,88,211,213.0,98.0,9.1,1080.0,93930,1,3.1549999713897705
2026-07-02T11:21:38+00:00,37.4879262316972,126.91305776126683,1400.0,3.206,16.0,154,88,214,213.0,98.0,9.1,1080.0,94144,1,3.2049999237060547
2026-07-02T11:21:39+00:00,37.487912485376,126.91303479485214,1403.0,3.256,16.0,154,89,218,213.0,98.0,9.1,1090.0,94362,1,3.255000114440918
2026-07-02T11:21:40+00:00,37.48789865523577,126.91301191225648,1406.5,3.256,16.0,153,89,221,213.0,97.0,9.0,1090.0,94583,1,3.255000114440918
2026-07-02T11:21:41+00:00,37.4878847412765,126.91298735328019,1410.0,3.258,16.0,153,89,225,213.0,97.0,9.0,1100.0,94808,1,3.257999897003174
2026-07-02T11:21:42+00:00,37.48787082731724,126.9129627943039,1413.0,3.267,16.0,153,89,225,213.0,96.0,8.9,1100.0,95033,1,3.2660000324249268
2026-07-02T11:21:43+00:00,37.48785573989153,126.91293714568019,1416.0,3.278,16.0,153,89,225,213.0,96.0,8.9,1100.0,95258,1,3.2769999504089355
2026-07-02T11:21:44+00:00,37.48784065246582,126.91291141323745,1419.5,3.286,16.0,153,89,225,213.0,96.0,8.8,1100.0,95483,1,3.2860000133514404
2026-07-02T11:21:45+00:00,37.4878260679543,126.91288819536567,1423.0,3.297,16.0,153,89,226,213.0,96.0,8.8,1110.0,95709,1,3.296999931335449
2026-07-02T11:21:46+00:00,37.487811567261815,126.91286514513195,1426.5,3.283,16.0,154,89,226,213.0,96.0,8.7,1100.0,95935,1,3.2829999923706055
2026-07-02T11:21:47+00:00,37.48780838213861,126.91283220425248,1430.0,3.272,16.0,154,89,227,213.0,96.0,8.7,1100.0,96162,1,3.2720000743865967
2026-07-02T11:21:48+00:00,37.487805280834436,126.91279934719205,1433.0,3.264,16.0,154,89,226,213.0,95.0,8.7,1100.0,96388,1,3.263000011444092
2026-07-02T11:21:49+00:00,37.487790025770664,126.9127759616822,1436.0,3.258,16.0,155,89,225,213.0,95.0,8.7,1100.0,96613,1,3.257999897003174
2026-07-02T11:21:50+00:00,37.487774938344955,126.91275249235332,1439.5,3.272,16.0,154,89,225,212.0,95.0,8.6,1100.0,96838,1,3.2720000743865967
2026-07-02T11:21:51+00:00,37.48776018619537,126.91272776573896,1443.0,3.286,16.0,154,89,225,212.0,95.0,8.6,1100.0,97063,1,3.2860000133514404
2026-07-02T11:21:52+00:00,37.48774535022676,126.91270295530558,1446.0,3.297,16.0,154,90,226,211.0,94.0,8.5,1100.0,97289,1,3.296999931335449
2026-07-02T11:21:53+00:00,37.4877451825887,126.91267034970224,1449.0,3.311,16.0,153,90,227,210.0,94.0,8.5,1100.0,97516,1,3.311000108718872
2026-07-02T11:21:54+00:00,37.487745098769665,126.91263782791793,1452.5,3.353,16.0,153,91,227,208.0,93.0,8.5,1100.0,97743,1,3.3519999980926514
2026-07-02T11:21:55+00:00,37.48774233274162,126.91260513849556,1456.0,3.394,16.0,153,91,228,207.0,93.0,8.5,1110.0,97971,1,3.3940000534057617
2026-07-02T11:21:56+00:00,37.4877396505326,126.9125724490732,1459.5,3.403,16.0,153,91,231,206.0,92.0,8.4,1110.0,98202,1,3.4019999504089355
2026-07-02T11:21:57+00:00,37.48773897998035,126.91253892146051,1463.0,3.414,16.0,153,91,234,206.0,92.0,8.4,1120.0,98436,1,3.4130001068115234
2026-07-02T11:21:58+00:00,37.48773839324713,126.91250556148589,1466.0,3.394,16.0,153,91,234,205.0,92.0,8.3,1120.0,98670,1,3.3940000534057617
2026-07-02T11:21:59+00:00,37.487739734351635,126.91247161477804,1469.0,3.375,16.0,153,90,235,204.0,92.0,8.3,1120.0,98905,1,3.374000072479248
2026-07-02T11:22:00+00:00,37.487741243094206,126.91243783570826,1472.5,3.358,16.0,154,90,234,204.0,92.0,8.3,1110.0,99139,1,3.3580000400543213
2026-07-02T11:22:01+00:00,,,1476.0,3.342,16.0,154,90,233,204.0,92.0,8.3,1110.0,99372,1,3.3410000801086426
2026-07-02T11:22:02+00:00,,,1476.0,3.333,16.0,154,90,231,203.0,92.0,8.2,1110.0,99603,1,3.3329999446868896
2026-07-02T11:22:03+00:00,,,1476.0,3.328,16.0,154,90,230,203.0,92.0,8.2,1110.0,99833,1,3.3269999027252197
2026-07-02T11:22:04+00:00,,,1476.0,3.325,16.0,154,90,229,203.0,91.0,8.2,1100.0,100062,1,3.325000047683716
2026-07-02T11:22:05+00:00,,,1476.0,3.325,16.0,154,91,229,203.0,91.0,8.2,1100.0,100291,1,3.325000047683716
2026-07-02T11:22:06+00:00,,,1495.5,3.631,16.0,154,90,229,201.0,91.0,8.0,1200.0,100520,1,3.630000114440918
2026-07-02T11:22:07+00:00,,,1515.0,3.936,16.0,154,90,229,200.0,91.0,7.9,1310.0,100749,1,3.936000108718872
2026-07-02T11:22:08+00:00,37.48755030333996,126.91230213269591,1517.5,4.022,16.0,154,90,250,198.0,90.0,7.7,1330.0,100999,1,4.021999835968018
2026-07-02T11:22:09+00:00,37.487497832626104,126.91227614879608,1520.0,4.111,16.0,154,90,271,197.0,90.0,7.6,1360.0,101270,1,4.111000061035156
2026-07-02T11:22:10+00:00,37.48744544573128,126.91225024871528,1523.0,3.883,16.0,154,90,277,196.0,90.0,7.5,1280.0,101547,1,3.882999897003174
2026-07-02T11:22:11+00:00,37.48741267248988,126.91222904250026,1526.0,3.658,16.0,154,91,283,195.0,90.0,7.4,1210.0,101830,1,3.6579999923706055
2026-07-02T11:22:12+00:00,37.48737998306751,126.91220792010427,1527.5,3.633,16.0,154,91,267,194.0,90.0,7.3,1200.0,102097,1,3.632999897003174
2026-07-02T11:22:13+00:00,37.48735995031893,126.91218663007021,1529.0,3.611,16.0,154,91,252,194.0,90.0,7.3,1190.0,102349,1,3.6110000610351562
2026-07-02T11:22:14+00:00,37.487340085208416,126.91216534003615,1529.0,3.592,16.0,155,91,250,193.0,90.0,7.2,1180.0,102599,1,3.5910000801086426
2026-07-02T11:22:15+00:00,37.48729909770191,126.91214480437338,1529.0,3.572,16.0,155,91,249,193.0,90.0,7.2,1180.0,102848,1,3.572000026702881
2026-07-02T11:22:16+00:00,37.48725819401443,126.91212435252964,1542.5,3.558,16.0,155,91,247,193.0,89.0,7.2,1170.0,103095,1,3.558000087738037
2026-07-02T11:22:17+00:00,37.48721678741276,126.91210130229592,1556.0,3.547,16.0,155,91,246,193.0,89.0,7.3,1170.0,103341,1,3.546999931335449
2026-07-02T11:22:18+00:00,37.487175380811095,126.91207833588123,1559.5,3.544,16.0,155,91,245,193.0,88.0,7.3,1170.0,103586,1,3.5439999103546143
2026-07-02T11:22:19+00:00,37.48714596033096,126.91204925067723,1563.0,3.542,16.0,155,91,245,193.0,88.0,7.4,1170.0,103831,1,3.5409998893737793
2026-07-02T11:22:20+00:00,37.487116707488894,126.91202024929225,1566.0,3.539,16.0,154,91,244,193.0,88.0,7.4,1170.0,104075,1,3.5380001068115234
2026-07-02T11:22:21+00:00,37.48709843493998,126.91198764368892,1569.0,3.539,16.0,154,91,244,193.0,88.0,7.5,1170.0,104319,1,3.5380001068115234
2026-07-02T11:22:22+00:00,37.4870802462101,126.91195503808558,1570.5,3.536,16.0,154,91,244,192.0,88.0,7.5,1170.0,104563,1,3.5360000133514404
2026-07-02T11:22:23+00:00,37.48706867918372,126.91192243248224,1572.0,3.536,16.0,154,91,244,192.0,88.0,7.5,1170.0,104807,1,3.5360000133514404
2026-07-02T11:22:24+00:00,37.48705702833831,126.91188991069794,1574.0,3.522,16.0,154,91,244,192.0,88.0,7.5,1160.0,105051,1,3.5220000743865967
2026-07-02T11:22:25+00:00,37.48705057427287,126.91186434589326,1576.0,3.511,16.0,154,91,244,192.0,88.0,7.6,1160.0,105295,1,3.510999917984009
2026-07-02T11:22:26+00:00,37.4870440363884,126.91183869726956,1578.5,3.489,16.0,153,91,243,192.0,88.0,7.6,1150.0,105538,1,3.48799991607666
2026-07-02T11:22:27+00:00,37.48703774996102,126.91181682050228,1581.0,3.469,16.0,153,91,242,193.0,89.0,7.6,1140.0,105780,1,3.4690001010894775
2026-07-02T11:22:28+00:00,37.48703154735267,126.91179502755404,1583.0,3.453,16.0,153,91,240,194.0,89.0,7.6,1130.0,106020,1,3.4519999027252197
2026-07-02T11:22:29+00:00,37.48702425509691,126.91177323460579,1585.0,3.439,16.0,153,91,239,195.0,89.0,7.7,1130.0,106259,1,3.437999963760376
2026-07-02T11:22:30+00:00,37.48701696284115,126.91175144165754,1588.5,3.431,16.0,153,91,238,196.0,88.0,7.7,1130.0,106497,1,3.430000066757202
2026-07-02T11:22:31+00:00,37.48701000586152,126.9117278046906,1592.0,3.425,16.0,153,91,237,197.0,88.0,7.7,1140.0,106734,1,3.4240000247955322
2026-07-02T11:22:32+00:00,37.48700304888189,126.91170425154269,1595.0,3.244,16.0,153,91,236,198.0,88.0,7.7,1070.0,106970,1,3.24399995803833
2026-07-02T11:22:33+00:00,37.48699139803648,126.91167566925287,1598.0,3.064,16.0,153,91,236,199.0,88.0,7.8,1010.0,107206,1,3.062999963760376
2026-07-02T11:22:34+00:00,37.48697966337204,126.91164717078209,1600.5,3.061,16.0,153,91,223,200.0,88.0,7.9,1010.0,107429,1,3.061000108718872
2026-07-02T11:22:35+00:00,37.4869679287076,126.91161615774035,1603.0,3.058,16.0,153,91,211,201.0,88.0,8.0,1010.0,107640,1,3.058000087738037
2026-07-02T11:22:36+00:00,37.48695636168122,126.91158522851765,1605.5,3.053,16.0,153,91,211,201.0,88.0,8.1,1010.0,107851,1,3.052000045776367
2026-07-02T11:22:37+00:00,37.48694739304483,126.91155589185655,1608.0,3.05,16.0,153,91,211,202.0,88.0,8.2,1010.0,108062,1,3.0490000247955322
2026-07-02T11:22:38+00:00,37.486938424408436,126.91152663901448,1610.0,3.033,16.0,153,90,210,203.0,88.0,8.3,1000.0,108272,1,3.0329999923706055
2026-07-02T11:22:39+00:00,37.48693096451461,126.91149981692433,1612.0,3.017,16.0,153,90,210,204.0,88.0,8.5,1000.0,108482,1,3.0160000324249268
2026-07-02T11:22:40+00:00,37.48692350462079,126.91147316247225,1614.5,2.975,16.0,153,89,209,205.0,88.0,8.6,990.0,108691,1,2.9749999046325684
2026-07-02T11:22:41+00:00,37.48691705055535,126.91144801676273,1617.0,2.933,16.0,154,89,208,206.0,89.0,8.8,980.0,108899,1,2.933000087738037
2026-07-02T11:22:42+00:00,37.48691068030894,126.91142303869128,1619.5,2.828,16.0,154,89,205,207.0,89.0,8.9,940.0,109104,1,2.8269999027252197
2026-07-02T11:22:43+00:00,37.48690447770059,126.9113982282579,1622.0,2.722,16.0,154,89,202,208.0,89.0,9.1,910.0,109306,1,2.7219998836517334
2026-07-02T11:22:44+00:00,37.486898358911276,126.91137350164354,1625.0,2.619,16.0,154,89,194,209.0,89.0,9.2,870.0,109500,1,2.61899995803833
2026-07-02T11:22:45+00:00,37.486891485750675,126.91134735010564,1628.0,2.519,16.0,154,89,187,211.0,90.0,9.4,840.0,109687,1,2.5190000534057617
2026-07-02T11:22:46+00:00,37.48688452877104,126.91132119856775,1630.5,2.508,16.0,154,89,180,213.0,89.0,9.5,830.0,109867,1,2.507999897003174
2026-07-02T11:22:47+00:00,37.48687522485852,126.91129446029663,1633.0,2.497,16.0,154,90,174,215.0,89.0,9.7,830.0,110041,1,2.496999979019165
2026-07-02T11:22:48+00:00,37.486866004765034,126.91126772202551,1637.5,2.497,16.0,154,90,173,216.0,89.0,9.9,830.0,110214,1,2.496999979019165
2026-07-02T11:22:49+00:00,37.486852342262864,126.91123813390732,1642.0,2.5,16.0,154,90,172,218.0,89.0,10.1,830.0,110386,1,2.5
2026-07-02T11:22:50+00:00,37.486838763579726,126.91120862960815,1643.0,2.503,16.0,154,90,172,219.0,89.0,10.2,830.0,110558,1,2.502000093460083
2026-07-02T11:22:51+00:00,37.486820993945,126.91117694601417,1644.0,2.508,16.0,155,90,172,221.0,89.0,10.4,830.0,110730,1,2.507999897003174
2026-07-02T11:22:52+00:00,37.48680322431028,126.91114534623921,1648.0,2.5,16.0,154,90,172,222.0,89.0,10.5,830.0,110902,1,2.5
2026-07-02T11:22:53+00:00,37.486788388341665,126.91112279891968,1652.0,2.492,16.0,154,90,173,223.0,89.0,10.6,830.0,111075,1,2.490999937057495
2026-07-02T11:22:54+00:00,37.48677346855402,126.91110041923821,1654.5,2.478,16.0,154,90,172,224.0,88.0,10.6,820.0,111247,1,2.4769999980926514
2026-07-02T11:22:55+00:00,37.486754190176725,126.9110805541277,1657.0,2.464,16.0,154,91,172,225.0,88.0,10.7,810.0,111419,1,2.4630000591278076
2026-07-02T11:22:56+00:00,37.4867348279804,126.91106060519814,1662.0,2.456,16.0,154,91,170,226.0,88.0,10.6,810.0,111589,1,2.4549999237060547
2026-07-02T11:22:57+00:00,37.486715130507946,126.91103805787861,1667.0,2.45,16.0,154,91,169,227.0,88.0,10.6,810.0,111758,1,2.4489998817443848
2026-07-02T11:22:58+00:00,37.486695600673556,126.91101542674005,1670.5,2.444,16.0,154,91,169,228.0,87.0,10.6,800.0,111927,1,2.444000005722046
2026-07-02T11:22:59+00:00,37.48667414300144,126.91098189912736,1674.0,2.442,16.0,154,91,169,230.0,87.0,10.6,800.0,112096,1,2.440999984741211
2026-07-02T11:23:00+00:00,37.48665276914835,126.91094853915274,1679.0,2.439,16.0,154,91,168,230.0,86.0,10.5,800.0,112264,1,2.437999963760376
2026-07-02T11:23:01+00:00,37.48663365840912,126.91090797074139,1684.0,2.436,16.0,154,91,168,231.0,85.0,10.5,800.0,112432,1,2.436000108718872
2026-07-02T11:23:02+00:00,37.48661454766989,126.91086731851101,1690.0,2.447,16.0,154,91,168,232.0,84.0,10.4,800.0,112600,1,2.447000026702881
2026-07-02T11:23:03+00:00,37.48659652657807,126.91081861965358,1696.0,2.458,16.0,153,91,168,233.0,84.0,10.4,810.0,112768,1,2.4579999446868896
2026-07-02T11:23:04+00:00,37.48657867312431,126.91076992079616,1700.0,2.486,16.0,153,90,168,233.0,84.0,10.4,820.0,112936,1,2.4860000610351562
2026-07-02T11:23:05+00:00,37.4865585565567,126.91071795299649,1704.0,2.517,16.0,152,90,169,233.0,84.0,10.4,830.0,113105,1,2.5160000324249268
2026-07-02T11:23:06+00:00,37.48653843998909,126.9106659013778,1708.0,2.553,16.0,152,90,171,232.0,84.0,10.3,840.0,113276,1,2.552000045776367
2026-07-02T11:23:07+00:00,37.486514300107956,126.91062005236745,1712.0,2.592,16.0,152,90,174,232.0,84.0,10.3,860.0,113450,1,2.5910000801086426
2026-07-02T11:23:08+00:00,37.48649007640779,126.91057411953807,1715.5,2.622,16.0,152,90,176,232.0,84.0,10.2,870.0,113626,1,2.621999979019165
2026-07-02T11:23:09+00:00,37.48646610416472,126.91053606569767,1719.0,2.653,16.0,152,90,178,232.0,85.0,10.2,880.0,113804,1,2.6519999504089355
2026-07-02T11:23:10+00:00,37.48644213192165,126.91049792803824,1722.0,2.664,16.0,151,90,180,231.0,85.0,10.1,880.0,113984,1,2.6630001068115234
2026-07-02T11:23:11+00:00,37.48642176389694,126.9104637298733,1725.0,2.678,16.0,151,90,183,231.0,85.0,10.0,890.0,114167,1,2.677000045776367
2026-07-02T11:23:12+00:00,37.48640147969127,126.91042961552739,1728.0,2.692,16.0,150,90,184,230.0,85.0,9.9,890.0,114351,1,2.690999984741211
2026-07-02T11:23:13+00:00,37.48638924211264,126.91039742901921,1731.0,2.708,16.0,150,90,185,229.0,85.0,9.8,900.0,114536,1,2.7079999446868896
2026-07-02T11:23:14+00:00,37.48637708835304,126.91036532633007,1733.5,2.733,16.0,150,90,186,228.0,85.0,9.7,900.0,114722,1,2.7330000400543213
2026-07-02T11:23:15+00:00,37.48636996373534,126.91033355891705,1736.0,2.761,16.0,150,90,187,228.0,85.0,9.6,910.0,114909,1,2.760999917984009
2026-07-02T11:23:16+00:00,37.48636300675571,126.91030179150403,1739.0,2.797,16.0,150,90,188,227.0,85.0,9.5,920.0,115097,1,2.796999931335449
2026-07-02T11:23:17+00:00,37.48635705560446,126.91027170047164,1742.0,2.833,16.0,150,90,190,226.0,86.0,9.5,940.0,115287,1,2.8329999446868896
2026-07-02T11:23:18+00:00,37.48635118827224,126.91024160943925,1745.0,2.878,16.0,151,90,192,225.0,86.0,9.4,950.0,115479,1,2.877000093460083
2026-07-02T11:23:19+00:00,37.48634397983551,126.91021076403558,1748.0,2.925,16.0,151,91,195,225.0,86.0,9.4,970.0,115674,1,2.9240000247955322
2026-07-02T11:23:20+00:00,37.48633677139878,126.91017983481288,1749.5,2.961,16.0,151,90,198,223.0,86.0,9.3,980.0,115872,1,2.9609999656677246
2026-07-02T11:23:21+00:00,37.48633023351431,126.9101494923234,1751.0,2.997,16.0,152,90,202,222.0,87.0,9.2,990.0,116074,1,2.996999979019165
2026-07-02T11:23:22+00:00,37.48632377944887,126.91011923365295,1753.0,2.981,16.0,152,90,204,221.0,87.0,9.2,980.0,116278,1,2.9800000190734863
2026-07-02T11:23:23+00:00,37.48632143251598,126.9100940041244,1755.0,2.964,16.0,152,91,207,220.0,88.0,9.2,980.0,116485,1,2.9630000591278076
2026-07-02T11:23:24+00:00,37.48631916940212,126.91006894223392,1757.5,2.947,16.0,153,90,205,219.0,88.0,9.1,970.0,116690,1,2.947000026702881
2026-07-02T11:23:25+00:00,37.486319839954376,126.9100461434573,1760.0,2.933,16.0,153,90,204,218.0,88.0,9.1,970.0,116894,1,2.933000087738037
2026-07-02T11:23:26+00:00,37.48632067814469,126.9100234284997,1763.5,2.9,16.0,154,90,203,217.0,88.0,9.0,960.0,117097,1,2.8989999294281006
2026-07-02T11:23:27+00:00,37.486319253221154,126.90999845042825,1767.0,2.869,16.0,155,90,202,217.0,88.0,9.0,950.0,117299,1,2.86899995803833
2026-07-02T11:23:28+00:00,37.48631799593568,126.90997355617583,1770.0,2.85,16.0,155,90,200,217.0,87.0,9.0,940.0,117499,1,2.8499999046325684
2026-07-02T11:23:29+00:00,37.486310033127666,126.90994354896247,1773.0,2.831,16.0,156,90,198,217.0,87.0,9.0,940.0,117697,1,2.8299999237060547
2026-07-02T11:23:30+00:00,37.486302154138684,126.90991354174912,1776.5,2.817,16.0,156,90,196,217.0,87.0,9.0,940.0,117893,1,2.815999984741211
2026-07-02T11:23:31+00:00,37.48629025183618,126.90988026559353,1780.0,2.806,16.0,156,90,195,218.0,87.0,9.1,940.0,118088,1,2.805000066757202
2026-07-02T11:23:32+00:00,37.48627834953368,126.9098469056189,1784.0,2.8,16.0,156,90,194,218.0,87.0,9.1,930.0,118282,1,2.7990000247955322
2026-07-02T11:23:33+00:00,37.48626468703151,126.90981220453978,1788.0,2.797,16.0,156,90,194,218.0,87.0,9.2,930.0,118476,1,2.796999931335449
2026-07-02T11:23:34+00:00,37.486250940710306,126.90977767109871,1791.0,2.806,16.0,156,90,193,218.0,87.0,9.2,930.0,118669,1,2.805000066757202
2026-07-02T11:23:35+00:00,37.48623635619879,126.9097419641912,1794.0,2.817,16.0,156,90,193,218.0,87.0,9.3,930.0,118862,1,2.815999984741211
2026-07-02T11:23:36+00:00,37.48622177168727,126.90970634110272,1797.5,2.839,16.0,156,90,193,218.0,87.0,9.3,930.0,119055,1,2.8380000591278076
2026-07-02T11:23:37+00:00,37.48620827682316,126.90967096947134,1801.0,2.864,16.0,156,91,194,218.0,88.0,9.4,940.0,119249,1,2.86299991607666
2026-07-02T11:23:38+00:00,37.48619478195906,126.90963559783995,1805.0,2.878,16.0,156,90,195,218.0,88.0,9.4,950.0,119444,1,2.877000093460083
2026-07-02T11:23:39+00:00,37.48618044890463,126.90959905274212,1809.0,2.894,16.0,155,89,197,218.0,88.0,9.4,960.0,119641,1,2.8940000534057617
2026-07-02T11:23:40+00:00,37.48616619966924,126.9095625076443,1812.0,2.903,16.0,155,89,198,218.0,88.0,9.3,970.0,119839,1,2.9019999504089355
2026-07-02T11:23:41+00:00,37.4861510284245,126.90952512435615,1815.0,2.911,16.0,155,88,199,219.0,88.0,9.3,980.0,120038,1,2.9110000133514404
2026-07-02T11:23:42+00:00,37.486136024817824,126.90948782488704,1818.0,2.922,16.0,155,88,199,220.0,88.0,9.2,980.0,120237,1,2.921999931335449
2026-07-02T11:23:43+00:00,37.48612294904888,126.90945245325565,1821.0,2.933,16.0,156,88,200,221.0,88.0,9.2,990.0,120437,1,2.933000087738037
2026-07-02T11:23:44+00:00,37.48610987327993,126.9094171654433,1824.0,2.942,16.0,156,88,201,221.0,88.0,9.1,990.0,120638,1,2.940999984741211
2026-07-02T11:23:45+00:00,37.486098390072584,126.90938489511609,1827.0,2.95,16.0,156,88,202,222.0,88.0,9.0,1000.0,120840,1,2.9489998817443848
2026-07-02T11:23:46+00:00,37.48608690686524,126.90935279242694,1831.0,2.956,16.0,156,89,202,221.0,88.0,9.0,990.0,121042,1,2.9549999237060547
2026-07-02T11:23:47+00:00,37.48607366345823,126.90932169556618,1835.0,2.964,16.0,156,90,203,221.0,88.0,9.0,990.0,121245,1,2.9630000591278076
2026-07-02T11:23:48+00:00,37.48606050387025,126.90929076634347,1838.0,2.978,16.0,156,90,203,221.0,88.0,8.9,990.0,121448,1,2.9769999980926514
2026-07-02T11:23:49+00:00,37.486044662073255,126.9092583283782,1841.0,2.992,16.0,156,90,204,221.0,88.0,8.9,990.0,121652,1,2.990999937057495
2026-07-02T11:23:50+00:00,37.48602890409529,126.90922589041293,1843.0,3.0,16.0,156,90,205,220.0,88.0,8.9,990.0,121857,1,3.0
2026-07-02T11:23:51+00:00,37.486014906316996,126.90919479355216,1845.0,3.011,16.0,156,90,206,220.0,89.0,8.9,1000.0,122063,1,3.010999917984009
2026-07-02T11:23:52+00:00,37.48600099235773,126.9091636966914,1848.5,3.022,16.0,156,90,206,219.0,89.0,8.9,1000.0,122269,1,3.0220000743865967
2026-07-02T11:23:53+00:00,37.485990934073925,126.90913503058255,1852.0,3.033,16.0,156,90,207,219.0,89.0,8.9,1010.0,122476,1,3.0329999923706055
2026-07-02T11:23:54+00:00,37.48598095960915,126.90910644829273,1855.0,3.042,16.0,156,90,208,218.0,89.0,8.9,1010.0,122684,1,3.0409998893737793
2026-07-02T11:23:55+00:00,37.485968973487616,126.90907560288906,1858.0,3.05,16.0,156,91,209,218.0,89.0,8.9,1010.0,122893,1,3.0490000247955322
2026-07-02T11:23:56+00:00,37.48595698736608,126.90904484130442,1861.5,3.053,16.0,156,91,209,218.0,89.0,8.8,1010.0,123102,1,3.052000045776367
2026-07-02T11:23:57+00:00,37.48594634234905,126.90901265479624,1865.0,3.058,16.0,156,91,210,218.0,89.0,8.8,1010.0,123312,1,3.058000087738037
2026-07-02T11:23:58+00:00,37.485935781151056,126.90898046828806,1868.0,3.064,16.0,156,91,210,217.0,88.0,8.7,1010.0,123522,1,3.062999963760376
2026-07-02T11:23:59+00:00,37.485925052315,126.9089475274086,1871.0,3.072,16.0,156,91,211,217.0,88.0,8.7,1010.0,123733,1,3.072000026702881
2026-07-02T11:24:00+00:00,37.48591440729797,126.90891467034817,1874.5,3.078,16.0,156,91,211,216.0,87.0,8.7,1010.0,123944,1,3.0769999027252197
2026-07-02T11:24:01+00:00,37.4859025888145,126.90888055600226,1878.0,3.083,16.0,157,91,211,216.0,87.0,8.7,1020.0,124155,1,3.0829999446868896
2026-07-02T11:24:02+00:00,37.485890770331025,126.90884644165635,1881.5,3.086,16.0,157,91,211,215.0,87.0,8.6,1020.0,124366,1,3.0859999656677246
2026-07-02T11:24:03+00:00,37.485878532752395,126.9088114053011,1885.0,3.092,16.0,157,91,212,215.0,87.0,8.6,1020.0,124578,1,3.0910000801086426
2026-07-02T11:24:04+00:00,37.48586646281183,126.90877645276487,1888.5,3.094,16.0,156,90,212,214.0,86.0,8.5,1020.0,124790,1,3.0940001010894775
2026-07-02T11:24:05+00:00,37.48585573397577,126.90874041058123,1892.0,3.1,15.0,156,90,213,214.0,86.0,8.5,1030.0,125003,1,3.0989999771118164
2026-07-02T11:24:06+00:00,37.48584517277777,126.90870453603566,1895.0,3.106,15.0,156,90,213,214.0,86.0,8.5,1030.0,125216,1,3.1050000190734863
2026-07-02T11:24:07+00:00,37.48583620414138,126.90866773948073,1898.0,3.111,15.0,157,90,214,214.0,86.0,8.5,1030.0,125430,1,3.1110000610351562
2026-07-02T11:24:08+00:00,37.48582715168595,126.90863094292581,1901.5,3.114,15.0,157,90,214,213.0,86.0,8.4,1030.0,125644,1,3.11299991607666
2026-07-02T11:24:09+00:00,37.485819943249226,126.90859582275152,1905.0,3.117,15.0,157,90,214,213.0,86.0,8.4,1030.0,125858,1,3.115999937057495
2026-07-02T11:24:10+00:00,37.4858127348125,126.90856070257723,1908.0,3.119,15.0,157,90,214,213.0,86.0,8.4,1030.0,126072,1,3.11899995803833
2026-07-02T11:24:11+00:00,37.48580267652869,126.90852616913617,1911.0,3.122,15.0,157,90,215,213.0,86.0,8.4,1030.0,126287,1,3.121999979019165
2026-07-02T11:24:12+00:00,37.485792534425855,126.9084916356951,1914.0,3.131,15.0,157,90,215,212.0,86.0,8.4,1040.0,126502,1,3.130000114440918
2026-07-02T11:24:13+00:00,37.485780799761415,126.90845743753016,1917.0,3.139,15.0,157,90,215,212.0,86.0,8.4,1050.0,126717,1,3.138000011444092
2026-07-02T11:24:14+00:00,37.48576898127794,126.90842323936522,1920.0,3.142,15.0,157,90,215,212.0,86.0,8.3,1040.0,126932,1,3.1410000324249268
2026-07-02T11:24:15+00:00,37.48575816862285,126.90839021466672,1923.0,3.144,15.0,157,90,216,212.0,86.0,8.3,1040.0,127148,1,3.1440000534057617
2026-07-02T11:24:16+00:00,37.48574735596776,126.90835718996823,1926.5,3.144,15.0,157,90,216,211.0,86.0,8.3,1040.0,127364,1,3.1440000534057617
2026-07-02T11:24:17+00:00,37.48574148863554,126.90832424908876,1930.0,3.147,15.0,156,91,216,211.0,87.0,8.4,1040.0,127580,1,3.1470000743865967
2026-07-02T11:24:18+00:00,37.48573570512235,126.90829122439027,1933.5,3.147,15.0,157,91,216,211.0,87.0,8.4,1040.0,127796,1,3.1470000743865967
2026-07-02T11:24:19+00:00,37.48572883196175,126.90825610421598,1937.0,3.15,15.0,156,91,217,211.0,87.0,8.4,1040.0,128013,1,3.1500000953674316
2026-07-02T11:24:20+00:00,37.48572204262018,126.90822106786072,1941.0,3.153,15.0,156,91,217,210.0,87.0,8.4,1040.0,128230,1,3.1519999504089355
2026-07-02T11:24:21+00:00,37.48571407981217,126.90818293020129,1945.0,3.158,15.0,156,91,217,210.0,88.0,8.4,1040.0,128447,1,3.1579999923706055
2026-07-02T11:24:22+00:00,37.48570620082319,126.90814496017992,1948.5,3.164,15.0,156,91,217,209.0,88.0,8.4,1040.0,128664,1,3.1630001068115234
2026-07-02T11:24:23+00:00,37.485696729272604,126.9081047270447,1952.0,3.172,15.0,156,91,218,209.0,88.0,8.5,1050.0,128882,1,3.171999931335449
2026-07-02T11:24:24+00:00,37.48568734154105,126.90806449390948,1954.0,3.175,15.0,156,91,218,208.0,88.0,8.5,1040.0,129100,1,3.174999952316284
2026-07-02T11:24:25+00:00,37.48567887581885,126.90802635625005,1956.0,3.178,15.0,156,91,218,208.0,88.0,8.5,1040.0,129318,1,3.177000045776367
2026-07-02T11:24:26+00:00,37.48567049391568,126.90798821859062,1959.0,3.178,15.0,155,91,218,208.0,88.0,8.5,1040.0,129536,1,3.177000045776367
2026-07-02T11:24:27+00:00,37.485665045678616,126.90795502625406,1962.0,3.181,15.0,155,91,219,208.0,88.0,8.5,1040.0,129755,1,3.180000066757202
2026-07-02T11:24:28+00:00,37.485659681260586,126.90792191773653,1965.5,3.186,15.0,155,91,219,207.0,88.0,8.5,1040.0,129974,1,3.186000108718872
2026-07-02T11:24:29+00:00,37.485654233023524,126.90788939595222,1969.0,3.194,15.0,155,91,219,207.0,88.0,8.5,1050.0,130193,1,3.194000005722046
2026-07-02T11:24:30+00:00,37.485648952424526,126.90785704180598,1972.0,3.197,15.0,155,91,219,207.0,88.0,8.4,1050.0,130412,1,3.197000026702881
2026-07-02T11:24:31+00:00,37.48564316891134,126.90782234072685,1975.0,3.2,15.0,155,91,220,207.0,88.0,8.4,1050.0,130632,1,3.200000047683716
2026-07-02T11:24:32+00:00,37.48563746921718,126.90778763964772,1980.5,3.2,15.0,155,91,220,206.0,87.0,8.3,1050.0,130852,1,3.200000047683716
2026-07-02T11:24:33+00:00,37.485631769523025,126.90775034017861,1986.0,3.2,15.0,155,91,220,206.0,87.0,8.3,1050.0,131072,1,3.200000047683716
2026-07-02T11:24:34+00:00,37.4856261536479,126.9077130407095,1990.5,3.2,15.0,155,91,220,206.0,86.0,8.2,1050.0,131292,1,3.200000047683716
2026-07-02T11:24:35+00:00,37.48561265878379,126.90766819752753,1995.0,3.203,15.0,155,91,220,206.0,86.0,8.2,1050.0,131512,1,3.2019999027252197
2026-07-02T11:24:36+00:00,37.48559916391969,126.90762343816459,1999.5,3.203,15.0,155,91,220,206.0,86.0,8.2,1050.0,131732,1,3.2019999027252197
2026-07-02T11:24:37+00:00,37.48558038845658,126.90757742151618,2004.0,3.203,15.0,155,91,220,206.0,86.0,8.2,1060.0,131952,1,3.2019999027252197
2026-07-02T11:24:38+00:00,37.48556169681251,126.90753140486777,2007.0,3.206,15.0,155,91,220,205.0,86.0,8.2,1050.0,132172,1,3.2049999237060547
2026-07-02T11:24:39+00:00,37.48554065823555,126.90748765133321,2010.0,3.211,15.0,155,92,220,205.0,86.0,8.2,1050.0,132392,1,3.2109999656677246
2026-07-02T11:24:40+00:00,37.48551978729665,126.90744389779866,2012.0,3.211,15.0,155,92,220,205.0,86.0,8.2,1050.0,132612,1,3.2109999656677246
2026-07-02T11:24:41+00:00,37.48550243675709,126.90740810707211,2014.0,3.214,15.0,156,92,221,205.0,86.0,8.2,1050.0,132833,1,3.2130000591278076
2026-07-02T11:24:42+00:00,37.485485253855586,126.90737231634557,2016.5,3.189,15.0,156,90,221,205.0,86.0,8.2,1050.0,133054,1,3.187999963760376
2026-07-02T11:24:43+00:00,37.485475866124034,126.90734473988414,2019.0,3.164,15.0,156,89,221,206.0,86.0,8.2,1060.0,133275,1,3.1630001068115234
2026-07-02T11:24:44+00:00,37.48546647839248,126.90731724724174,2021.5,3.139,15.0,156,89,219,207.0,86.0,8.2,1050.0,133494,1,3.138000011444092
2026-07-02T11:24:45+00:00,37.48546304181218,126.90729092806578,2024.0,3.114,15.0,156,89,218,209.0,86.0,8.2,1040.0,133712,1,3.11299991607666
2026-07-02T11:24:46+00:00,37.48545968905091,126.90726460888982,2026.0,3.078,15.0,155,89,216,211.0,86.0,8.2,1030.0,133928,1,3.0769999027252197
2026-07-02T11:24:47+00:00,37.48545868322253,126.90723870880902,2028.0,3.042,15.0,155,89,214,213.0,86.0,8.2,1020.0,134142,1,3.0409998893737793
2026-07-02T11:24:48+00:00,37.48545767739415,126.90721280872822,2029.0,3.025,15.0,155,88,211,215.0,86.0,8.2,1010.0,134353,1,3.0250000953674316
2026-07-02T11:24:49+00:00,37.4854585994035,126.90718833357096,2030.0,3.011,15.0,155,88,209,217.0,87.0,8.3,1010.0,134562,1,3.010999917984009
2026-07-02T11:24:50+00:00,37.48545960523188,126.90716394223273,2033.25,,15.0,155,,,,,,,,1,nan
